timestamp,id,vin,eci,make
2021-06-23 15:18:03.426,NY-FTJ9251,JF2GTACC7KH380655,0342153933,Subaru
2021-06-23 18:08:54.132,CA-8WWR111,JF2SKAUC4MH534513,0103668939,Subaru
2021-06-23 18:09:13.074,CA-8WWR111,JF2SKAUC4MH534513,0103668939,Subaru
2021-06-23 18:10:34.390,JF2SKAUC4MH534513,JF2SKAUC4MH534513,0103668939,Subaru
2021-06-23 18:28:59.977,NY-KLW6858,SALWR2SU2MA792172,0279564335,Land Rover
2021-06-23 18:29:32.549,NY-KLW6858,SALWR2SU2MA792172,0279564335,Land Rover
2021-06-23 18:35:39.004,SALWR2SU2MA792172,SALWR2SU2MA792172,0279564335,Land Rover
2021-06-23 19:03:44.692,ZAM57XSA9E1087538,ZAM57XSA9E1087538,0269938410,Maserati
2021-06-23 19:40:10.317,4S3BWAF69M3017019,4S3BWAF69M3017019,0338253087,Subaru
2021-06-23 20:26:39.538,MI-DQP6105,SALFP2BG6FH424331,0027993946,Land Rover
2021-06-23 20:54:14.760,CA-8TQL441,JF2SKARC4LH610061,0675685961,Subaru
2021-06-23 22:05:47.120,SALGS2RU4MA426101,SALGS2RU4MA426101,0650012786,Land Rover
2021-06-23 22:06:42.977,CA-8WNX948,SALGS2RU4MA426101,0650012786,Land Rover
2021-06-23 22:29:33.465,CO-QHL853,JF2GPADC8F8288348,0245137424,Subaru
2021-06-23 23:50:20.607,JF2GPANC2H8270249,JF2GPANC2H8270249,0345286272,Subaru
2021-06-24 00:34:23.126,NY-JLT6350,4S4WMALD6L3416233,0339134969,Subaru
2021-06-24 00:36:01.846,4S4WMALD6L3416233,4S4WMALD6L3416233,0339134969,Subaru
2021-06-24 00:51:48.672,MA-3MNN90,JF2SKAUC9LH462321,0139048082,Subaru
2021-06-24 00:53:16.260,CA-7XLM767,4S3GTAB68H3724302,0158643671,Subaru
2021-06-24 01:47:43.341,PA-KJX2390,4S4BTAFC2M3113066,0243687662,Subaru
2021-06-24 01:48:35.228,PA-KJX2390,4S4BTAFC2M3113066,0243687662,Subaru
2021-06-24 02:08:52.460,SADCJ2EX5MA678954,SADCJ2EX5MA678954,0553218961,Jaguar
2021-06-24 02:38:23.648,NY-JSB1143,JF2GTANC5LH237833,0147500742,Subaru
2021-06-24 04:11:30.667,JF1GJAA60DH005068,JF1GJAA60DH005068,0678973047,Subaru
2021-06-24 04:39:48.262,MD-4EM1227,JF1VA2U60F9831683,0643025894,Subaru
2021-06-24 05:53:24.139,OR-591GUQ,JF2SHADCXDH431367,0494291798,Subaru
2021-06-24 09:56:19.409,OR-608LCN,JF1VA2T64J9824407,0500888462,Subaru
2021-06-24 10:02:12.633,CA-8EXN076,JF1VA2Y62K9801721,0347494100,Subaru
2021-06-24 12:04:22.615,NY-JSF8503,JF2GPANC2G8248668,0396179519,Subaru
2021-06-24 12:31:44.446,4S4BTANC1L3265310,4S4BTANC1L3265310,0348830268,Subaru
2021-06-24 12:35:15.668,FL-VH57N,4S4BTANC1L3265310,0348830268,Subaru
2021-06-24 12:58:26.684,NY-KLK6713,JF1VA2E63M9804781,0395943246,Subaru
2021-06-24 13:53:24.045,OH-TAAAAAA,4S4BSBNC7G3218118,0014193718,Subaru
2021-06-24 13:57:04.447,CO-BCMK35,4S4BRBCCXB3408437,0552102880,Subaru
2021-06-24 14:13:54.229,NJ-K87NTN,JF2GTABC2JH316636,0337317503,Subaru
2021-06-24 14:36:55.425,SALGS2FE9HA328622,SALGS2FE9HA328622,0511679110,Land Rover
2021-06-24 16:33:46.107,PA-KTD6426,JF2GTALC7JH325430,0280811859,Subaru
2021-06-24 16:34:17.039,PA-KTD6426,JF2GTALC7JH325430,0280811859,Subaru
2021-06-24 16:57:53.266,NV-440K12,SALVR2BG2GH084473,0427778899,Land Rover
2021-06-24 16:58:31.277,SALVR2BG2GH084473,SALVR2BG2GH084473,0427778899,Land Rover
2021-06-24 17:08:06.634,MI-DSD6759,SAJWA44C189B20985,0024052072,Jaguar
2021-06-24 17:15:46.821,4S4BTAPC7M3216336,4S4BTAPC7M3216336,0643759208,Subaru
2021-06-24 17:40:03.393,4S4BTADC2M3219729,4S4BTADC2M3219729,0641042679,Subaru
2021-06-24 18:18:14.353,WI-AFG5683,4S3GTAC66K3756574,0678995509,Subaru
2021-06-24 18:18:46.244,WI-AFG5683,4S3GTAC66K3756574,0678995509,Subaru
2021-06-24 18:47:56.471,FL-KDAM83,SALWV2SVXKA815246,0027758280,Land Rover
2021-06-24 19:09:05.407,AZ-CSX7215,JF2GPABC0H8207381,0490138604,Subaru
2021-06-24 19:21:56.695,JF2SJAHC3FH519629,JF2SJAHC3FH519629,0003835247,Subaru
2021-06-24 19:42:11.844,JF1VA2Y62K9801721,JF1VA2Y62K9801721,0347494100,Subaru
2021-06-24 20:58:26.060,OH-HHE6803,JF1SG65626H729492,0015266076,Subaru
2021-06-24 21:05:38.960,IL-3770327,4S4BTANC3M3173181,0191354138,Subaru
2021-06-24 22:03:31.800,JF2SJABC4FH500418,JF2SJABC4FH500418,0526921156,Subaru
2021-06-24 22:46:33.422,WA-BDY0656,4S3BNAL68F3013327,0490236861,Subaru
2021-06-24 22:59:03.489,NC-EBS7965,4S4WMARD4M3442760,0013092333,Subaru
2021-06-24 23:16:23.303,FL-IHNA73,4S3GKAT69M3605797,0584909467,Subaru
2021-06-25 03:17:26.569,TX-CSR7785,JF2SJAHC0EH499810,0322337214,Subaru
2021-06-25 03:17:31.245,CA-8NBD415,4S4WMACD3L3416710,0526972973,Subaru
2021-06-25 03:18:28.310,CA-8NBD415,4S4WMACD3L3416710,0526972973,Subaru
2021-06-25 03:19:58.954,TX-CSR7785,JF2SJAHC0EH499810,0322337214,Subaru
2021-06-25 03:46:04.752,LA-1DDAY,SALRR2RV9KA096465,0253908878,Land Rover
2021-06-25 04:55:28.353,CA-8VQV537,4S3GKAB6XJ3605515,0522436412,Subaru
2021-06-25 05:12:35.309,MA-8XN582,SAJWJ1CD9D8V49149,0656890812,Jaguar
2021-06-25 05:13:42.719,MA-8XN582,SAJWJ1CD9D8V49149,0656890812,Jaguar
2021-06-25 05:17:20.696,IL-AC68446,JF1VA1A64J9808334,0196855417,Subaru
2021-06-25 05:23:48.867,KY-789YKB,JF2GTABC9JH337158,0038489178,Subaru
2021-06-25 05:31:34.138,MO-EH8F4E,JF2GTABC6M8287680,0670846566,Subaru
2021-06-25 07:26:09.694,CA-7FZZ997,JF2SJAFC3FH456650,0512549654,Subaru
2021-06-25 07:31:00.785,JF2SJAFC3FH456650,JF2SJAFC3FH456650,0512549654,Subaru
2021-06-25 07:43:40.792,IN-363LAG,JF2SJAEC7EH458482,0047241816,Subaru
2021-06-25 08:46:45.103,JF2SKALC7MH436898,JF2SKALC7MH436898,0672031251,Subaru
2021-06-25 08:47:34.546,JF2SKALC7MH436898,JF2SKALC7MH436898,0672031251,Subaru
2021-06-25 13:01:03.867,4S3BMBB61C3030170,4S3BMBB61C3030170,0654912481,Subaru
2021-06-25 13:37:48.518,PA-JXK7539,JF2SJAFC8GH411821,0118508114,Subaru
2021-06-25 13:40:08.910,PA-KPW1165,4S3BNEL6XF3056431,0678189540,Subaru
2021-06-25 13:57:26.356,CA-6YRL736,4S4BRBLC8D3273333,0571314565,Subaru
2021-06-25 14:28:30.395,ZN661YUA8HX214664,ZN661YUA8HX214664,0139361919,Maserati
2021-06-25 14:30:50.571,NJ-K63NTA,ZN661YUA8HX214664,0139361919,Maserati
2021-06-25 15:07:46.464,FL-PEQS91,4S4BTAEC4L3105390,0414727832,Subaru
2021-06-25 15:47:04.757,CO-BPB467,4S3GKAA64J3624188,0333253091,Subaru
2021-06-25 15:50:36.919,CA-8BPG650,JF2GTABC2JG260171,0513033337,Subaru
2021-06-25 15:53:40.351,VA-UXB2847,4S3GTAD66L3733862,0241559769,Subaru
2021-06-25 15:56:56.924,CA-8BPG650,JF2GTABC2JG260171,0513033337,Subaru
2021-06-25 16:03:37.199,NY-GKJ2494,JF2SKAJC1KH474787,0481632333,Subaru
2021-06-25 16:11:59.777,CA-8JYP574,SALYL2EX2KA216028,0540296126,Land Rover
2021-06-25 16:25:49.771,CO-402XGX,JF2GTHNC8MH226724,0552092294,Subaru
2021-06-25 16:26:15.109,JF2GTHNC8MH226724,JF2GTHNC8MH226724,0552092294,Subaru
2021-06-25 17:11:34.134,SAJWA0FB6CLS36320,SAJWA0FB6CLS36320,0658795891,Jaguar
2021-06-25 17:12:08.147,OR-267DHK,4S3BE656727211197,0483679902,Subaru
2021-06-25 17:13:16.118,4S3BE656727211197,4S3BE656727211197,0483679902,Subaru
2021-06-25 18:07:44.325,SALVP2BG2FH012760,SALVP2BG2FH012760,0577995885,Land Rover
2021-06-25 18:08:12.267,SALVP2BG2FH012760,SALVP2BG2FH012760,0577995885,Land Rover
2021-06-25 18:09:20.991,JF1VA1N66G8820848,JF1VA1N66G8820848,0181787196,Subaru
2021-06-25 18:10:05.381,WA-781XKU,4S3BH675827609224,0505362567,Subaru
2021-06-25 18:38:41.613,MS-MID3314,SADCJ2EX0MA668199,0674684400,Jaguar
2021-06-25 18:40:15.266,SADCJ2EX0MA668199,SADCJ2EX0MA668199,0674684400,Jaguar
2021-06-25 19:09:57.306,WI-HERSTI,JF1VA2R66K9813692,0208586577,Subaru
2021-06-25 19:11:39.183,4S3BWGN61M3020730,4S3BWGN61M3020730,0196956030,Subaru
2021-06-25 19:25:28.286,IN-FCO836,JF2SJABC9HH402259,0047847221,Subaru
2021-06-25 19:45:33.988,4S4BRBCC2B3375871,4S4BRBCC2B3375871,0676749112,Subaru
2021-06-25 19:51:47.676,MI-CEX524,4S3GTAM61K3727112,0678864826,Subaru
2021-06-25 19:52:41.785,MI-CEX524,4S3GTAM61K3727112,0678864826,Subaru
2021-06-25 20:05:38.933,CA-8BPG650,JF2GTABC2JG260171,0513033337,Subaru
2021-06-25 20:25:53.749,4S4WMARD7M3459889,4S4WMARD7M3459889,0524655977,Subaru
2021-06-25 21:42:29.977,4S4WMAPD1K3416939,4S4WMAPD1K3416939,0553037368,Subaru
2021-06-25 21:45:14.596,4S4WMAPD1K3416939,4S4WMAPD1K3416939,0553037368,Subaru
2021-06-25 22:18:37.137,CA-8TND432,JF2SH6CC1AH722737,0554645408,Subaru
2021-06-25 22:58:26.102,NY-HAC2687,JF2GTADC6J8343383,0231474452,Subaru
2021-06-25 23:03:13.517,NY-HAC2687,JF2GTADC6J8343383,0231474452,Subaru
2021-06-25 23:15:00.130,4S4BTAFC2M3118980,4S4BTAFC2M3118980,0041377462,Subaru
2021-06-26 02:35:43.260,4S4WMAPD3M3456569,4S4WMAPD3M3456569,0203132036,Subaru
2021-06-26 02:52:49.751,4S4BSAAC0H3407100,4S4BSAAC0H3407100,0553851163,Subaru
2021-06-26 04:49:16.282,TX-KZW4408,JF2SJARC8JH505278,0410772746,Subaru
2021-06-26 06:09:27.814,OH-JBV5812,4S4WX92DX84417250,0659527713,Subaru
2021-06-26 12:15:26.852,JF2SHACC9DH421916,JF2SHACC9DH421916,0225696577,Subaru
2021-06-26 12:24:03.114,TX-PBH8736,JF2SKAUC0MH503016,0228657908,Subaru
2021-06-26 13:55:14.423,NJ-Z43GXV,JF1VA1A61F9837054,0648706460,Subaru
2021-06-26 14:21:28.101,PA-HZP0551,JF2SJAFC2FH809394,0243318754,Subaru
2021-06-26 14:53:12.264,KY-307MLB,JF2GTANCXKH362566,0008652043,Subaru
2021-06-26 16:30:16.438,4S4BTGLD9M3227730,4S4BTGLD9M3227730,0436778715,Subaru
2021-06-26 18:29:21.292,SALGS2SV5KA564827,SALGS2SV5KA564827,0503523591,Land Rover
2021-06-26 18:41:20.340,4S3GTAV64M3707521,4S3GTAV64M3707521,0642190404,Subaru
2021-06-26 19:11:19.769,OR-LWAU,JF2SKARC0LH469845,0505483422,Subaru
2021-06-26 19:27:08.056,NJ-U28MYN,4S3BNAC65F3006321,0475240340,Subaru
2021-06-26 20:36:23.406,JF2SKACC3KH451850,JF2SKACC3KH451850,0544016324,Subaru
2021-06-26 21:13:14.867,OR-SUBABE,JF1VA1E60G9803912,0502075192,Subaru
2021-06-26 21:19:24.077,FL-QJAS28,4S3GTAM66J3728366,0028106710,Subaru
2021-06-26 21:59:57.783,CA-N954C0,JF1VA1L64G9813734,0522423555,Subaru
2021-06-26 22:00:20.387,CA-N954C0,JF1VA1L64G9813734,0522423555,Subaru
2021-06-26 22:02:03.455,JF1VA1A61M9800907,JF1VA1A61M9800907,0679119447,Subaru
2021-06-26 22:05:12.460,AZ-BTS6335,4S4BSANC6F3346083,0261976891,Subaru
2021-06-26 22:11:25.733,JF1VA1A61M9800907,JF1VA1A61M9800907,0679119447,Subaru
2021-06-26 22:19:06.523,JF2SJAWC9FH482962,JF2SJAWC9FH482962,0069869538,Subaru
2021-06-26 22:33:29.061,AZ-HNC24,JF2SJAWC9FH482962,0069869538,Subaru
2021-06-26 22:54:51.492,IL-BV74138,4S3BWAN66L3014398,0202708549,Subaru
2021-06-27 00:44:48.625,JF1VA1C65M9808831,JF1VA1C65M9808831,0674934966,Subaru
2021-06-27 00:45:28.372,JF1VA1C65M9808831,JF1VA1C65M9808831,0674934966,Subaru
2021-06-27 01:02:55.323,IL-CA41749,4S4BSAFC6J3352392,0201440665,Subaru
2021-06-27 02:01:21.834,NY-GYM5668,4S4BSELC0F3312960,0343760732,Subaru
2021-06-27 02:24:54.286,TX-LCC9493,4S4BSACC6J3234671,0264943424,Subaru
2021-06-27 02:33:55.828,CA-7TSX965,JF2SJAAC9HH402764,0587968272,Subaru
2021-06-27 03:07:23.623,4S4BTGLD1M3214082,4S4BTGLD1M3214082,0647337361,Subaru
2021-06-27 07:38:32.671,SALYJ2EX3MA308659,SALYJ2EX3MA308659,0524461727,Land Rover
2021-06-27 13:22:32.453,4S3GTAB67L3728480,4S3GTAB67L3728480,0338347315,Subaru
2021-06-27 13:24:06.347,MN-FWN484,JF2SKALC7MH436898,0672031251,Subaru
2021-06-27 13:24:33.068,MN-FWN484,JF2SKALC7MH436898,0672031251,Subaru
2021-06-27 13:50:14.502,PA-FPR3663,JF1GR8H60DL885662,0671603680,Subaru
2021-06-27 13:50:48.344,PA-FPR3663,JF1GR8H60DL885662,0671603680,Subaru
2021-06-27 14:06:06.436,JF1VA1A66M9806962,JF1VA1A66M9806962,0535135973,Subaru
2021-06-27 14:51:07.464,OH-HJQ4552,JF2SKAXC3MH409563,0326989698,Subaru
2021-06-27 14:57:29.794,4S3BWGP65M3019366,4S3BWGP65M3019366,0553320829,Subaru
2021-06-27 15:17:08.505,4S3GKAL64M3606730,4S3GKAL64M3606730,0049274437,Subaru
2021-06-27 16:42:32.648,JF2SKAJC5MH539319,JF2SKAJC5MH539319,0159345492,Subaru
2021-06-27 16:43:03.152,JF2SKAXC6MH432447,JF2SKAXC6MH432447,0538648542,Subaru
2021-06-27 16:49:26.558,4S4BTACC9M3155996,4S4BTACC9M3155996,0526555842,Subaru
2021-06-27 17:00:25.905,CA-8VYZ582,JF1ZCAC10L8703683,0416878558,Subaru
2021-06-27 17:33:19.146,WA-BPA4797,JF2SJAKC3FH587308,0196232895,Subaru
2021-06-27 17:44:41.678,JF2SKAJC6MH523713,JF2SKAJC6MH523713,0334545353,Subaru
2021-06-27 18:20:44.423,JF2SKAUC7LH487797,JF2SKAUC7LH487797,0553115825,Subaru
2021-06-27 18:36:34.651,CT-BB95489,JF2SKAFC1MH538578,0484244624,Subaru
2021-06-27 18:37:36.226,JF2SKAFC1MH538578,JF2SKAFC1MH538578,0484244624,Subaru
2021-06-27 18:45:26.859,4S4WMAPD4M3449341,4S4WMAPD4M3449341,0411884321,Subaru
2021-06-27 18:46:37.433,4S4WMAPD4M3449341,4S4WMAPD4M3449341,0411884321,Subaru
2021-06-27 19:13:36.303,OH-HBF9199,4S3BL676564204100,0015169124,Subaru
2021-06-27 19:13:59.021,OH-HBF9199,4S3BL676564204100,0015169124,Subaru
2021-06-27 19:23:12.442,ID-6410K,SALWR2VF8FA530317,0492158804,Land Rover
2021-06-27 19:27:07.525,4S3GTAM66J3728366,4S3GTAM66J3728366,0028106710,Subaru
2021-06-27 19:32:07.966,4S4BTANCXM3191130,4S4BTANCXM3191130,0227867829,Subaru
2021-06-27 19:32:44.531,WI-810UPW,4S4BTANCXM3191130,0227867829,Subaru
2021-06-27 19:53:16.991,SALGS2RU3MA447859,SALGS2RU3MA447859,0323524705,Land Rover
2021-06-27 21:59:14.373,CA-BLYT1OO,JF1ZCAB12H9605239,0538664163,Subaru
2021-06-27 21:59:56.106,JF1ZCAB12H9605239,JF1ZCAB12H9605239,0538664163,Subaru
2021-06-27 23:41:21.901,4S4WMAJD6K3436080,4S4WMAJD6K3436080,0485202026,Subaru
2021-06-27 23:42:13.298,4S4WMAJD6K3436080,4S4WMAJD6K3436080,0485202026,Subaru
2021-06-27 23:44:37.827,NY-JMZ1910,4S3GKAU64H3608689,0679151632,Subaru
2021-06-27 23:44:56.064,NY-JMZ1910,4S3GKAU64H3608689,0679151632,Subaru
2021-06-28 00:49:07.269,JF1GPAB6XG8264409,JF1GPAB6XG8264409,0500141645,Subaru
2021-06-28 01:02:33.567,NY-JKE7953,ZAM57RTA5G1165911,0392343832,Maserati
2021-06-28 01:03:00.048,NY-JKE7953,ZAM57RTA5G1165911,0392343832,Maserati
2021-06-28 01:03:26.503,NY-JKE7953,ZAM57RTA5G1165911,0392343832,Maserati
2021-06-28 01:03:59.103,ZAM57RTA5G1165911,ZAM57RTA5G1165911,0392343832,Maserati
2021-06-28 01:13:18.356,CA-8MTW548,4S3BMBC64E3007449,0538056442,Subaru
2021-06-28 01:46:10.974,NJ-L43LPC,JF2GPAAC0G9209447,0386098332,Subaru
2021-06-28 01:56:29.093,JF2SKASC9MH543694,JF2SKASC9MH543694,0264872967,Subaru
2021-06-28 03:33:23.241,NY-JFM8409,SALRR2RV2KA081483,0185867861,Land Rover
2021-06-28 03:48:50.294,SALVP2BG6HH180887,SALVP2BG6HH180887,0231805944,Land Rover
2021-06-28 11:11:00.479,CA-6XPB806,4S3BE625647211559,0679092490,Subaru
2021-06-28 13:01:20.350,CO-ROOHOO,JF2SJGUC3FH515038,0492188737,Subaru
2021-06-28 13:34:28.585,TX-PPS8459,JF1ZCAC11E8600808,0411586242,Subaru
2021-06-28 13:34:57.094,TX-PPS8459,JF1ZCAC11E8600808,0411586242,Subaru
2021-06-28 13:52:24.021,4S3GTAB65J3713229,4S3GTAB65J3713229,0505495645,Subaru
2021-06-28 14:13:46.532,NY-CFY2020,JF1GH6D69AH818599,0322700426,Subaru
2021-06-28 14:42:06.922,CT-BB96741,4S4BTANC1L3106531,0572061409,Subaru
2021-06-28 15:09:34.922,SALGS5SE1MA430546,SALGS5SE1MA430546,0320851484,Land Rover
2021-06-28 15:14:25.062,CO-BFGT75,JF2GPAKC0E8313681,0553869003,Subaru
2021-06-28 15:50:43.525,IL-E759530,4S3BNAN65G3059308,0200155973,Subaru
2021-06-28 15:51:23.044,IL-E759530,4S3BNAN65G3059308,0200155973,Subaru
2021-06-28 15:55:10.583,4S3BNAN65G3059308,4S3BNAN65G3059308,0200155973,Subaru
2021-06-28 15:55:35.766,4S4BSBCC8G3201623,4S4BSBCC8G3201623,0645835274,Subaru
2021-06-28 15:56:04.064,4S4WMAPD9K3459473,4S4WMAPD9K3459473,0645835274,Subaru
2021-06-28 16:50:57.384,CA-8MIA669,JF2SKAJCXKH595656,0155026034,Subaru
2021-06-28 17:29:57.795,SALYB2RX4JA770943,SALYB2RX4JA770943,0510273994,Land Rover
2021-06-28 18:43:43.521,4S3BNAD60J3011515,4S3BNAD60J3011515,0207987308,Subaru
2021-06-28 18:50:54.190,MA-6PD452,JF2GTALC4JH288031,0488248494,Subaru
2021-06-28 19:18:17.746,NY-KDZ8178,SALWZ2RE9MA773536,0011976092,Land Rover
2021-06-28 19:29:48.742,JF2GPABC9H8272729,JF2GPABC9H8272729,0512861137,Subaru
2021-06-28 20:20:04.480,SALGS5SE0MA447743,SALGS5SE0MA447743,0536259670,Land Rover
2021-06-28 20:20:57.516,SALGS5SE0MA447743,SALGS5SE0MA447743,0536259670,Land Rover
2021-06-28 20:41:04.669,JF2SJARCXJH483283,JF2SJARCXJH483283,0412205869,Subaru
2021-06-28 20:46:44.191,JF2GTAEC7M8331486,JF2GTAEC7M8331486,0534706133,Subaru
2021-06-28 21:17:01.242,MA-3CVK39,JF2GTABC3M8288270,0660776058,Subaru
2021-06-28 21:18:50.511,MA-66FB46,4S4BSAFC7J3299783,0660776058,Subaru
2021-06-28 21:29:23.399,MA-3CVK39,JF2GTABC3M8288270,0660776058,Subaru
2021-06-28 23:12:58.833,TX-DSD8196,4S3BNBL65F3014201,0079161151,Subaru
2021-06-28 23:56:59.938,CA-8FZZ265,SALVD5RX6JH295902,0415769854,Land Rover
2021-06-29 00:04:22.787,4S4BSAFC3K3318895,4S4BSAFC3K3318895,0573096674,Subaru
2021-06-29 00:43:46.231,NY-CNU4454,4S4BRBGC1C3264367,0639901498,Subaru
2021-06-29 01:08:01.633,JF2GTHMC2MH234951,JF2GTHMC2MH234951,0548337028,Subaru
2021-06-29 02:00:13.123,SALEJ6RX3M2061089,SALEJ6RX3M2061089,0269114884,Land Rover
2021-06-29 02:31:09.877,WV-6YL333,4S3BNAJ64G3037404,0015631020,Subaru
2021-06-29 03:00:57.147,NJ-B35TDAD,SADCJ2FX9JA322968,0393958131,Jaguar
2021-06-29 05:04:04.943,CA-8UCM453,JF1VA1E6XG9816750,0550103619,Subaru
2021-06-29 08:29:04.272,JF2SKAKC1KH501047,JF2SKAKC1KH501047,0532499575,Subaru
2021-06-29 09:18:31.340,FL-019NCZ,4S4BSENC1H3244717,0473880062,Subaru
2021-06-29 09:24:01.691,FL-019NCZ,4S4BSENC1H3244717,0473880062,Subaru
2021-06-29 11:02:26.620,OH-HGN9301,4S3BNAB67K3014061,0014180485,Subaru
2021-06-29 12:44:00.102,SALGS2SV0JA514349,SALGS2SV0JA514349,0569842357,Land Rover
2021-06-29 13:00:55.563,SALYT2EX6MA315969,SALYT2EX6MA315969,0012617059,Land Rover
2021-06-29 13:20:32.531,AZ-CLB2426,SALCR2BG5GH570167,0018649650,Land Rover
2021-06-29 13:23:26.017,FL-QTZM68,SALGS2RE8JA514587,0674112384,Land Rover
2021-06-29 13:44:25.582,SALGS2SV0JA514349,SALGS2SV0JA514349,0569842357,Land Rover
2021-06-29 15:35:13.812,NY-KMC4024,JF2SJAJC5JH535415,0231535406,Subaru
2021-06-29 15:35:30.187,KS-857LGA,4S4BSAAC3J3356049,0644544210,Subaru
2021-06-29 16:06:34.497,OK-IFA666,4S4BRCBC5B3323206,0643458749,Subaru
2021-06-29 16:26:58.077,OH-GRC7300,JF2GPACC8F8317977,0014845075,Subaru
2021-06-29 16:28:18.119,4S4BSANC7G3200812,4S4BSANC7G3200812,0397002818,Subaru
2021-06-29 16:50:12.762,JF2SKARC6MH520640,JF2SKARC6MH520640,0344341066,Subaru
2021-06-29 16:55:49.552,WA-BYR4714,SALWR2FK1HA693504,0505488049,Land Rover
2021-06-29 17:15:03.831,JF2GTALC9JH327373,JF2GTALC9JH327373,0540369887,Subaru
2021-06-29 17:27:48.766,NY-JKC8135,JF2GPAKC8D2216410,0650621231,Subaru
2021-06-29 18:44:04.453,OH-GIW3284,4S4BSAFC7J3256044,0006080007,Subaru
2021-06-29 19:51:36.468,NY-HTE1317,SALSF2D43BA270815,0668375797,Land Rover
2021-06-29 19:58:48.946,CO-BWG198,JF2GPAKC4E8210442,0553302641,Subaru
2021-06-29 20:35:06.627,TX-MGZ1934,JF2SJAAC1EH512963,0640077234,Subaru
2021-06-29 20:57:07.113,SAJAD4FX1JCP23264,SAJAD4FX1JCP23264,0417197889,Jaguar
2021-06-29 20:57:15.352,SAJAD4FX1JCP23264,SAJAD4FX1JCP23264,0417197889,Jaguar
2021-06-29 21:08:52.809,NY-JDG2806,SAJWA2GB4BLV09974,0473206076,Jaguar
2021-06-29 21:20:14.469,JF1VA1J67M9808297,JF1VA1J67M9808297,0513226103,Subaru
2021-06-29 21:20:17.610,TX-PBH8736,JF2SKAUC0MH503016,0228657908,Subaru
2021-06-29 21:22:17.437,4S3GTAB62L3706595,4S3GTAB62L3706595,0473444926,Subaru
2021-06-29 23:23:04.414,4S4BTAFC7M3225619,4S4BTAFC7M3225619,0522425653,Subaru
2021-06-29 23:28:34.501,WA-SCHBARU,JF2SHGGC0DH412616,0481876748,Subaru
2021-06-30 00:25:14.653,NV-171ZGY,JF1VA1A61J9839024,0416922883,Subaru
2021-06-30 01:11:53.093,CA-7WOB415,JF1VA1E68H9829062,0532389043,Subaru
2021-06-30 01:16:40.971,NY-HMX8855,SALCP2BG5FH544169,0392768470,Land Rover
2021-06-30 01:17:16.952,NY-HMX8855,SALCP2BG5FH544169,0392768470,Land Rover
2021-06-30 01:17:41.239,FL-IC17PL,4S4WMARD9M3449011,0338785452,Subaru
2021-06-30 01:41:01.484,CA-8MPV632,JF2SH61669H730518,0553020577,Subaru
2021-06-30 01:46:04.253,SALWV2SV2KA825947,SALWV2SV2KA825947,0665510101,Land Rover
2021-06-30 02:59:50.107,SAJWA0GB4ALR77416,SAJWA0GB4ALR77416,0668014620,Jaguar
2021-06-30 03:00:12.814,SAJWA0GB4ALR77416,SAJWA0GB4ALR77416,0668014620,Jaguar
2021-06-30 03:49:50.344,CO-277ORH,SALWR2FE4HA125452,0246814331,Land Rover
2021-06-30 04:16:32.518,4S3BH686X27605750,4S3BH686X27605750,0110530047,Subaru
2021-06-30 04:34:45.746,WA-BSZ4653,4S4BRBCC7D3311070,0501609511,Subaru
2021-06-30 04:57:28.672,JF1VA2Y62G9828571,JF1VA2Y62G9828571,0018014199,Subaru
2021-06-30 04:58:19.263,JF2SJAGC4HH461051,JF2SJAGC4HH461051,0530445733,Subaru
2021-06-30 05:00:18.401,CA-7VLT666,JF2SJAGC4HH461051,0530445733,Subaru
2021-06-30 09:36:21.434,SALWG2FK6HA174762,SALWG2FK6HA174762,0163771230,Land Rover
2021-06-30 10:28:32.343,FL-MEL78,SALYB2RXXJA773507,0583029312,Land Rover
2021-06-30 10:29:04.909,FL-MEL78,SALYB2RXXJA773507,0583029312,Land Rover
2021-06-30 10:36:08.401,SALYB2RXXJA773507,SALYB2RXXJA773507,0583029312,Land Rover
2021-06-30 12:38:14.341,JF1VA1A66M9806962,JF1VA1A66M9806962,0535135973,Subaru
2021-06-30 13:42:13.776,JF2SKAJC5LH569256,JF2SKAJC5LH569256,0267554823,Subaru
2021-06-30 13:42:45.587,JF2SKAJC5LH569256,JF2SKAJC5LH569256,0267554823,Subaru
2021-06-30 14:26:27.053,JF1GG29655H801471,JF1GG29655H801471,0654709933,Subaru
2021-06-30 14:48:10.952,4S4BSBNC4G3229464,4S4BSBNC4G3229464,0534265646,Subaru
2021-06-30 15:44:17.521,NY-HYK7880,SALVP2BG5HH215516,0413065248,Land Rover
2021-06-30 15:45:29.035,SALVP2BG5HH215516,SALVP2BG5HH215516,0413065248,Land Rover
2021-06-30 16:14:45.635,OR-123HET,JF1GD67616G521623,0492237391,Subaru
2021-06-30 16:17:37.691,TX-KPM9002,4S4BTACC3L3199202,0462748379,Subaru
2021-06-30 16:18:21.305,TX-KPM9002,4S4BTACC3L3199202,0462748379,Subaru
2021-06-30 17:05:17.189,4S3BWAF69M3017019,4S3BWAF69M3017019,0338253087,Subaru
2021-06-30 19:13:43.522,NJ-S83NTE,SALMP1E46CA385781,0639584775,Land Rover
2021-06-30 19:18:22.805,FL-I77BK,SALCR2FX9KH793136,0508245834,Land Rover
2021-06-30 19:20:05.708,SC-TMJ501,4S4WMAFD8K3441418,0542034633,Subaru
2021-06-30 19:22:07.758,SC-TMJ501,4S4WMAFD8K3441418,0542034633,Subaru
2021-06-30 19:54:11.453,WI-148HBL,JF2SJAEC3EH429139,0205443116,Subaru
2021-06-30 19:55:12.343,WI-148HBL,JF2SJAEC3EH429139,0205443116,Subaru
2021-06-30 19:59:12.076,JF2SKAFC4MH524304,JF2SKAFC4MH524304,0312905930,Subaru
2021-06-30 20:22:09.179,CA-8WLX183,4S4BTANC6M3205721,0434228637,Subaru
2021-06-30 21:05:00.143,SALGS2FE4HA338698,SALGS2FE4HA338698,0663716183,Land Rover
2021-06-30 22:31:48.183,CA-8FRL859,JF1VA2T68J9836270,0415599184,Subaru
2021-06-30 22:39:08.057,JF1VA2T68J9836270,JF1VA2T68J9836270,0415599184,Subaru
2021-06-30 23:27:22.524,CA-8TQL441,JF2SKARC4LH610061,0675685961,Subaru
2021-06-30 23:29:15.234,CA-8TQL441,JF2SKARC4LH610061,0675685961,Subaru
2021-06-30 23:36:00.644,IL-V618239,JF2GPADC0GH341139,0198742331,Subaru
2021-06-30 23:36:19.621,IL-V618239,JF2GPADC0GH341139,0198742331,Subaru
2021-07-01 00:51:16.730,CA-8PPA953,SAJWA6BU2F8K15403,0678323656,Jaguar
2021-07-01 01:07:50.593,4S4BRCAC3C3248296,4S4BRCAC3C3248296,0258170561,Subaru
2021-07-01 01:11:31.320,4S4BRCAC3C3248296,4S4BRCAC3C3248296,0258170561,Subaru
2021-07-01 01:12:28.006,4S4BRCAC3C3248296,4S4BRCAC3C3248296,0258170561,Subaru
2021-07-01 02:15:08.016,JF1VA1J67M9808297,JF1VA1J67M9808297,0513226103,Subaru
2021-07-01 02:15:23.728,JF1VA1J67M9808297,JF1VA1J67M9808297,0513226103,Subaru
2021-07-01 02:32:38.329,JF2SKAUC8KH475124,JF2SKAUC8KH475124,0440646979,Subaru
2021-07-01 02:45:32.857,JF2GTHMC4MH349356,JF2GTHMC4MH349356,0158669891,Subaru
2021-07-01 02:49:46.557,CA-8VHV208,4S3GKAA69J3603627,0664797280,Subaru
2021-07-01 03:47:15.237,JF2SKAWC9KH445496,JF2SKAWC9KH445496,0679349028,Subaru
2021-07-01 04:02:11.057,JF2SKAFC0MH525448,JF2SKAFC0MH525448,0240863433,Subaru
2021-07-01 04:13:46.007,SALZP2FX3MH149330,SALZP2FX3MH149330,0392893634,Land Rover
2021-07-01 04:50:54.113,4S3BNAH68H3034562,4S3BNAH68H3034562,0195825892,Subaru
2021-07-01 04:54:27.356,SALWR2EF9GA594626,SALWR2EF9GA594626,0268575177,Land Rover
2021-07-01 05:37:03.874,FL-78ABWY,JF2SJABCXJH422834,0678425120,Subaru
2021-07-01 11:34:51.405,MA-5HH464,SALWR2FE4HA165823,0641296352,Land Rover
2021-07-01 11:39:07.901,SC-RWE336,4S4BSANC1H3291948,0657302728,Subaru
2021-07-01 12:27:40.115,NJ-X70EPM,SALFR2BN5AH191754,0677660153,Land Rover
2021-07-01 12:38:28.067,SALYT2EX6MA315969,SALYT2EX6MA315969,0012617059,Land Rover
2021-07-01 13:28:41.418,FL-ID62QP,JF2GPAKC5E8298840,0649780585,Subaru
2021-07-01 13:47:26.886,NY-KEP5034,SALE9EEU7L2013057,0390022059,Land Rover
2021-07-01 13:47:48.728,NY-KEP5034,SALE9EEU7L2013057,0390022059,Land Rover
2021-07-01 13:50:01.160,NY-KEP5034,SALE9EEU7L2013057,0390022059,Land Rover
2021-07-01 13:55:15.348,SALE9EEU7L2013057,SALE9EEU7L2013057,0390022059,Land Rover
2021-07-01 13:56:13.096,OR-524LGK,4S4WMAHDXM3409943,0438744139,Subaru
2021-07-01 14:13:53.315,WA-BJM4532,4S3BNAN6XJ3032533,0227675694,Subaru
2021-07-01 14:14:18.602,WA-BJM4532,4S3BNAN6XJ3032533,0227675694,Subaru
2021-07-01 14:52:19.529,TX-MMM9036,JF1VA1E68H8819105,0500661940,Subaru
2021-07-01 15:10:54.294,CA-7WED903,JF1GPAT67FH326362,0266376777,Subaru
2021-07-01 15:18:04.363,SALAA254X5A304522,SALAA254X5A304522,0678315703,Land Rover
2021-07-01 15:19:48.955,SALAA254X5A304522,SALAA254X5A304522,0678315703,Land Rover
2021-07-01 15:30:15.970,NY-CEE5526,4S4BRBCC2C3292832,0387038137,Subaru
2021-07-01 16:32:13.918,JF1VA2E61M9809395,JF1VA2E61M9809395,0539944855,Subaru
2021-07-01 16:32:30.525,JF1VA2E61M9809395,JF1VA2E61M9809395,0539944855,Subaru
2021-07-01 16:41:50.966,MA-2220ES,JF2SKADCXMH538940,0077412864,Subaru
2021-07-01 16:42:22.909,MA-2220ES,JF2SKADCXMH538940,0077412864,Subaru
2021-07-01 16:48:28.535,MA-2220ES,JF2SKADCXMH538940,0077412864,Subaru
2021-07-01 17:18:01.779,GA-CRD7100,4S3GTAD60K3706977,0649486102,Subaru
2021-07-01 17:29:32.445,GA-CRD7100,4S3GTAD60K3706977,0649486102,Subaru
2021-07-01 17:30:57.826,4S3GTAD60K3706977,4S3GTAD60K3706977,0649486102,Subaru
2021-07-01 17:41:13.702,PA-HRP7617,SALCR2FX5KH803175,0041672388,Land Rover
2021-07-01 17:48:45.319,JF1VA2E61M9809395,JF1VA2E61M9809395,0539944855,Subaru
2021-07-01 18:01:40.469,SALMF13408A296947,SALMF13408A296947,0652631291,Land Rover
2021-07-01 18:11:55.045,SADCJ2EXXMA674544,SADCJ2EXXMA674544,0196330709,Jaguar
2021-07-01 18:24:29.326,CA-8PYV734,4S4BTANC3L3199343,0526922449,Subaru
2021-07-01 18:30:53.028,SALGS2KF5GA251129,SALGS2KF5GA251129,0240806210,Land Rover
2021-07-01 18:52:54.309,MI-DZH5546,4S3GTAM65K3704447,0033180213,Subaru
2021-07-01 20:44:11.012,4S4BTANC4L3188867,4S4BTANC4L3188867,0583698543,Subaru
2021-07-01 20:44:50.302,4S4BTANC4L3188867,4S4BTANC4L3188867,0583698543,Subaru
2021-07-01 20:45:35.765,4S3GTAA62K3707147,4S3GTAA62K3707147,0642552075,Subaru
2021-07-01 20:45:42.608,4S4BTANC4L3188867,4S4BTANC4L3188867,0583698543,Subaru
2021-07-01 22:21:23.935,JF2GTHSC9MH347265,JF2GTHSC9MH347265,0268511247,Subaru
2021-07-01 23:02:04.192,PA-KHC7142,SALYB2EX7KA202483,0670308069,Land Rover
2021-07-01 23:23:40.794,JF2GTABC1M8342570,JF2GTABC1M8342570,0207526297,Subaru
2021-07-02 00:21:19.032,NY-KLV4809,4S3GKAM62M3604229,0231754164,Subaru
2021-07-02 00:50:39.889,UT-W716KT,JF1GH74609H800011,0264630273,Subaru
2021-07-02 01:27:03.939,NY-FBC6415,JF2SKAFC1MH529136,0348510461,Subaru
2021-07-02 02:54:58.494,JF2SKACC9KH406878,JF2SKACC9KH406878,0348291832,Subaru
2021-07-02 03:02:47.510,NY-GSE4025,JF1GPAB63G8243871,0391785750,Subaru
2021-07-02 03:58:23.660,NC-PLW9403,4S4BSETC6K3324122,0571379779,Subaru
2021-07-02 04:50:24.629,NY-AYA4550,JF2GPACC6E8215382,0395257219,Subaru
2021-07-02 05:30:25.907,4S3BNAS62H3063936,4S3BNAS62H3063936,0679407522,Subaru
2021-07-02 10:47:28.323,4S4BTANC4L3188867,4S4BTANC4L3188867,0583698543,Subaru
2021-07-02 11:13:32.070,IL-BP36906,JF2GTAMC8K8301945,0198125817,Subaru
2021-07-02 11:14:32.303,IL-BP36906,JF2GTAMC8K8301945,0198125817,Subaru
2021-07-02 12:55:23.838,SALGS2SE8LA573457,SALGS2SE8LA573457,0483804575,Land Rover
2021-07-02 13:49:47.989,JF2SJAJC9JH542271,JF2SJAJC9JH542271,0581939277,Subaru
2021-07-02 14:34:26.446,JF2GTHSC2MH331389,JF2GTHSC2MH331389,0162736384,Subaru
2021-07-02 14:42:24.582,OH-GBL9663,JF2SKAXC5LH441042,0012113220,Subaru
2021-07-02 14:53:57.758,NY-HYX2412,4S4BSATCXK3252124,0230666318,Subaru
2021-07-02 14:54:53.698,NY-HYX2412,4S4BSATCXK3252124,0230666318,Subaru
2021-07-02 15:50:14.202,SD-WMS57,JF2GTAMC2J8295073,0204792193,Subaru
2021-07-02 15:50:53.382,JF2GTAMC2J8295073,JF2GTAMC2J8295073,0204792193,Subaru
2021-07-02 16:08:39.949,MA-1MMM38,JF2GTAMC0K8395366,0651924969,Subaru
2021-07-02 17:30:24.299,CA-8SON114,JF2GTHSC6MH217234,0269801719,Subaru
2021-07-02 17:44:32.072,JF2SJAJC6JH485642,JF2SJAJC6JH485642,0392792685,Subaru
2021-07-02 18:12:26.362,SALWR2SUXMA796146,SALWR2SUXMA796146,0075057229,Land Rover
2021-07-02 20:22:39.689,CA-8CER935,JF2GTABC4JH250543,0533127901,Subaru
2021-07-02 20:59:06.875,4S4BRCKC7D3225863,4S4BRCKC7D3225863,0165984170,Subaru
2021-07-02 21:01:11.068,FL-NTND34,SALVP2RX1KH345757,0671636231,Land Rover
2021-07-02 21:02:03.129,FL-NTND34,SALVP2RX1KH345757,0671636231,Land Rover
2021-07-02 21:34:30.436,SALEJ6RX4M2052238,SALEJ6RX4M2052238,0257620219,Land Rover
2021-07-02 21:36:58.808,SALEJ6RX4M2052238,SALEJ6RX4M2052238,0257620219,Land Rover
2021-07-02 21:37:52.159,CA-8RJK788,JF1VA1B63H9803778,0530897620,Subaru
2021-07-02 21:47:53.831,IN-XRM473,JF2GPALC4GH296983,0146976052,Subaru
2021-07-02 21:49:47.972,SALEJ6RX4M2052238,SALEJ6RX4M2052238,0257620219,Land Rover
2021-07-02 21:51:53.178,CA-8UAK316,JF2SKAJC8MH420566,0522120347,Subaru
2021-07-02 21:52:12.553,CA-8UAK316,JF2SKAJC8MH420566,0522120347,Subaru
2021-07-02 21:55:53.212,4S3BWAF69M3017019,4S3BWAF69M3017019,0338253087,Subaru
2021-07-02 22:45:59.464,JF2SKARC2MH551237,JF2SKARC2MH551237,0650161684,Subaru
2021-07-02 23:10:54.478,TX-KPM9002,4S4BTACC3L3199202,0462748379,Subaru
2021-07-02 23:11:41.974,4S4BTACC3L3199202,4S4BTACC3L3199202,0462748379,Subaru
2021-07-02 23:30:50.264,JF1VA1A61J9830145,JF1VA1A61J9830145,0546317178,Subaru
2021-07-03 00:36:52.198,ZN661XUAXJX279158,ZN661XUAXJX279158,0277912008,Maserati
2021-07-03 00:37:35.672,ZN661XUAXJX279158,ZN661XUAXJX279158,0277912008,Maserati
2021-07-03 01:47:44.144,JF2GTAMC1JH334767,JF2GTAMC1JH334767,0531635299,Subaru
2021-07-03 02:23:27.244,NJ-B86LHV,4S3BNAN69G3039241,0413636131,Subaru
2021-07-03 02:25:41.615,4S3BNAN69G3039241,4S3BNAN69G3039241,0413636131,Subaru
2021-07-03 02:27:43.105,4S3BNAN69G3039241,4S3BNAN69G3039241,0413636131,Subaru
2021-07-03 03:01:12.316,4S3BNBC66F3061270,4S3BNBC66F3061270,0248008703,Subaru
2021-07-03 03:46:04.060,CA-8CYC770,4S3GKAB64J3601928,0546057721,Subaru
2021-07-03 06:36:19.135,4S3BH686X27605750,4S3BH686X27605750,0110530047,Subaru
2021-07-03 11:59:16.976,NY-JPU8116,JF2GTAEC0L8247900,0380273008,Subaru
2021-07-03 12:01:48.169,IL-BU89050,JF2SHBEC5CH434275,0200848937,Subaru
2021-07-03 13:45:43.131,SADCK2FX9JA262901,SADCK2FX9JA262901,0033409493,Jaguar
2021-07-03 13:47:04.891,NE-VZM205,4S4BRCAC1A3313255,0241644600,Subaru
2021-07-03 13:56:07.205,FL-DLKI46,4S4BTADC2M3221254,0583080899,Subaru
2021-07-03 14:13:39.643,TX-JZW7271,JF2SH6DC6AH796119,0216011821,Subaru
2021-07-03 14:22:45.315,SCFBF03C19GC12573,SCFBF03C19GC12573,0319664174,Aston Martin
2021-07-03 14:48:45.676,4S4BSACC2J3343564,4S4BSACC2J3343564,0002592209,Subaru
2021-07-03 16:08:14.640,CA-8VPD635,4S4WMAPD0M3444735,0542429639,Subaru
2021-07-03 16:17:31.590,WI-AHJ7654,JF2GTAPC6M8316913,0420487406,Subaru
2021-07-03 17:14:29.153,MO-LH0H3V,JF2SKASCXMH511272,0673192843,Subaru
2021-07-03 18:40:07.463,NY-JBG6030,4S3GTAB63J3738081,0397464985,Subaru
2021-07-03 20:38:54.776,JF2GTACC4K8266872,JF2GTACC4K8266872,0110714111,Subaru
2021-07-03 20:41:40.774,JF2GTACC4K8266872,JF2GTACC4K8266872,0110714111,Subaru
2021-07-03 20:50:22.079,CA-4VKC219,4S3BH635926301328,0512226367,Subaru
2021-07-03 20:52:55.187,IN-935SLA,JF2SKAPC5KH438916,0049637432,Subaru
2021-07-03 21:48:07.455,NY-HHR9729,4S4BSAACXH3316996,0017339843,Subaru
2021-07-03 23:13:56.397,4S4BTAFC9M3213407,4S4BTAFC9M3213407,0416271354,Subaru
2021-07-03 23:22:41.867,4S4BTAFC9M3213407,4S4BTAFC9M3213407,0416271354,Subaru
2021-07-03 23:48:15.615,CA-N954C0,JF1VA1L64G9813734,0522423555,Subaru
2021-07-03 23:48:46.596,CA-N954C0,JF1VA1L64G9813734,0522423555,Subaru
2021-07-04 00:27:11.313,IL-FILLUPAR,SAJWJ0EF2D8U08612,0192816765,Jaguar
2021-07-04 04:23:14.851,PA-KZB1629,4S3BL856284206985,0039762716,Subaru
2021-07-04 04:25:37.051,4S3BL856284206985,4S3BL856284206985,0039762716,Subaru
2021-07-04 05:46:20.668,SAJAR4BG5HA978674,SAJAR4BG5HA978674,0649617861,Jaguar
2021-07-04 08:44:01.514,FL-LZGQ11,SALYL2RV3JA769018,0154486647,Land Rover
2021-07-04 13:10:06.488,4S4BSBNC4G3229464,4S4BSBNC4G3229464,0534265646,Subaru
2021-07-04 13:12:57.773,MI-ERIE,SALYL2RV5JA730494,0564949024,Land Rover
2021-07-04 13:37:52.284,4S4BSANC3H3223098,4S4BSANC3H3223098,0041177445,Subaru
2021-07-04 14:08:14.236,IN-FT2520,JF2GTANC9L8239536,0047883059,Subaru
2021-07-04 14:55:28.534,NJ-L30NAR,4S3BWGN67M3012261,0309785941,Subaru
2021-07-04 14:57:26.245,JF2SKARC2MH541341,JF2SKARC2MH541341,0554613531,Subaru
2021-07-04 17:35:24.742,IL-BP32003,SALCR2FX6KH821359,0311425618,Land Rover
2021-07-04 18:46:50.080,JF1VA1A60K9802693,JF1VA1A60K9802693,0674289434,Subaru
2021-07-04 19:32:21.599,JF1VA1J67M9808297,JF1VA1J67M9808297,0513226103,Subaru
2021-07-04 19:48:15.971,JF2GTALC8J8276321,JF2GTALC8J8276321,0663996582,Subaru
2021-07-04 19:49:03.395,JF2GTALC8J8276321,JF2GTALC8J8276321,0663996582,Subaru
2021-07-04 20:33:02.735,CA-7ZNW469,4S3GKAK6XH3620199,0538353872,Subaru
2021-07-04 20:37:18.330,IN-AIA837,JF2SJAEC1JH424337,0050704216,Subaru
2021-07-04 22:01:43.581,4S4WMAFD6K3414251,4S4WMAFD6K3414251,0417819119,Subaru
2021-07-04 22:06:54.311,4S4WMAFD6K3414251,4S4WMAFD6K3414251,0417819119,Subaru
2021-07-05 01:41:21.210,4S4WMARD7M3457284,4S4WMARD7M3457284,0106918172,Subaru
2021-07-05 11:50:44.476,4S3GTAL68J3726927,4S3GTAL68J3726927,0015216251,Subaru
2021-07-05 12:07:30.395,4S4BTADC4M3220140,4S4BTADC4M3220140,0160358106,Subaru
2021-07-05 12:32:41.006,SAJEA01T54FN00624,SAJEA01T54FN00624,0666246396,Jaguar
2021-07-05 12:55:36.188,VT-HPC890,4S4BSACC9H3208186,0674015945,Subaru
2021-07-05 14:51:23.516,NJ-R70GAU,JF1VA1B63G9817582,0412834400,Subaru
2021-07-05 15:06:02.869,NY-JCU7685,4S3BMBK62B3237729,0393339335,Subaru
2021-07-05 15:06:27.036,NY-JCU7685,4S3BMBK62B3237729,0393339335,Subaru
2021-07-05 15:51:17.431,FL-KQWK26,4S4BSANC7K3240848,0398843268,Subaru
2021-07-05 16:34:55.558,ZAM45VLA7D0072061,ZAM45VLA7D0072061,0411748393,Maserati
2021-07-05 16:36:40.787,ZAM45VLA7D0072061,ZAM45VLA7D0072061,0411748393,Maserati
2021-07-05 16:46:09.392,PA-LNR6640,SALZP2FX5LH107353,0304694406,Land Rover
2021-07-05 16:54:20.480,PA-LNR6640,SALZP2FX5LH107353,0304694406,Land Rover
2021-07-05 20:26:00.638,4S3GTAD67H3730377,4S3GTAD67H3730377,0225959237,Subaru
2021-07-05 20:27:06.587,TX-HCT1811,SAJWA2GE8BMV02112,0338065784,Jaguar
2021-07-05 20:29:01.007,TX-HCT1811,SAJWA2GE8BMV02112,0338065784,Jaguar
2021-07-05 21:25:01.950,MO-RD4A3H,JF2GTAEC3KH204456,0573785719,Subaru
2021-07-05 21:25:51.566,JF2GTAEC3KH204456,JF2GTAEC3KH204456,0573785719,Subaru
2021-07-05 21:32:13.400,OR-223MUL,4S3BNAN67J3012921,0505399401,Subaru
2021-07-05 22:06:54.335,NY-HVT2086,4S3GKAD63J3622461,0339944653,Subaru
2021-07-05 22:52:15.684,JF1VA1J65H9801080,JF1VA1J65H9801080,0653158336,Subaru
2021-07-05 22:59:15.309,JF2SKAJC8MH551884,JF2SKAJC8MH551884,0504243870,Subaru
2021-07-05 23:07:08.239,NJ-K53NRM,SALCR2RX7JH749274,0393922474,Land Rover
2021-07-05 23:25:27.243,OH-FWQ1416,4S4BSAJC7G3342714,0341277257,Subaru
2021-07-06 00:09:11.133,MI-4SUREEH,JF2SJAEC6HG530573,0028368313,Subaru
2021-07-06 00:22:51.266,4S3GTAT65L3704080,4S3GTAT65L3704080,0556774416,Subaru
2021-07-06 00:38:35.272,NV-719ZMK,JF1ZCAB15E9600807,0654793679,Subaru
2021-07-06 00:47:15.221,JF2SKACC8KH432615,JF2SKACC8KH432615,0245129654,Subaru
2021-07-06 01:30:44.322,CA-8SZT200,SALGS5RE8JA501632,0267551626,Land Rover
2021-07-06 01:32:09.416,CA-8SZT200,SALGS5RE8JA501632,0267551626,Land Rover
2021-07-06 01:33:26.997,SALGS5RE8JA501632,SALGS5RE8JA501632,0267551626,Land Rover
2021-07-06 01:39:10.099,VA-KURLEQ,JF2GTACC2KH270788,0292101909,Subaru
2021-07-06 01:42:02.402,JF1VA1A62M9811169,JF1VA1A62M9811169,0526905072,Subaru
2021-07-06 02:15:42.159,SAJWA43BX75B18487,SAJWA43BX75B18487,0679551254,Jaguar
2021-07-06 03:45:11.035,WA-BFT8976,JF2GPADC8H8268054,0503257977,Subaru
2021-07-06 05:00:27.357,WA-BFA1144,JF1GPAZ62F8250279,0228777247,Subaru
2021-07-06 05:02:34.247,CO-BGMN54,4S4BSELC3F3214702,0197497078,Subaru
2021-07-06 05:04:13.383,SAJBM4BV7HCY49132,SAJBM4BV7HCY49132,0528715336,Jaguar
2021-07-06 05:53:16.710,CO-AZQO60,4S3BNAF67K3023319,0167874526,Subaru
2021-07-06 09:52:33.640,OH-290YQT,4S4BSANC2H3276939,0015433099,Subaru
2021-07-06 11:14:47.734,PA-KVD3009,JF2SKAUC9KH453777,0391947439,Subaru
2021-07-06 12:04:38.421,OH-HWD7157,JF2GPABC8G8335530,0015151629,Subaru
2021-07-06 12:05:14.041,OH-HWD7157,JF2GPABC8G8335530,0015151629,Subaru
2021-07-06 12:27:08.282,NY-YNC355,4S4WMALD3K3417757,0348576296,Subaru
2021-07-06 13:09:36.072,NJ-N86FDD,JF2GTACC6JH320753,0231155224,Subaru
2021-07-06 13:37:06.074,MA-7AD681,JF2GPANCXH8245017,0566333033,Subaru
2021-07-06 14:19:48.432,NY-JSE5072,JF1GPAB6XG8345183,0392406053,Subaru
2021-07-06 14:51:28.844,TX-CB6F078,4S4BP62C657364397,0316624946,Subaru
2021-07-06 14:53:41.100,CA-8RSZ347,JF1GV8J61BL524329,0679359417,Subaru
2021-07-06 16:12:13.935,TX-NZW6337,JF1GH61628H829197,0475241188,Subaru
2021-07-06 16:16:32.883,JF2SJABC0JH618376,JF2SJABC0JH618376,0191161974,Subaru
2021-07-06 16:30:37.030,CO-BCMK35,4S4BRBCCXB3408437,0552102880,Subaru
2021-07-06 16:52:15.945,FL-IDYU71,JF2SKAUC4MH530882,0152437839,Subaru
2021-07-06 17:06:14.584,CA-7CPA090,JF1ZCAC17D1613716,0628271033,Subaru
2021-07-06 17:07:23.107,JF1ZCAC17D1613716,JF1ZCAC17D1613716,0628271033,Subaru
2021-07-06 17:42:00.917,NJ-X84KAE,4S3BP616957333418,0392177413,Subaru
2021-07-06 18:33:16.684,ZAM57RTA4G1183252,ZAM57RTA4G1183252,0447707257,Maserati
2021-07-06 18:33:35.531,ZAM57RTA4G1183252,ZAM57RTA4G1183252,0447707257,Maserati
2021-07-06 18:44:59.530,ME-1983A6,JF2GTABC2K8306058,0041864314,Subaru
2021-07-06 18:55:43.456,JF2SKADC4MH538965,JF2SKADC4MH538965,0348778131,Subaru
2021-07-06 19:01:47.760,JF2GTADC1JH299910,JF2GTADC1JH299910,0544160745,Subaru
2021-07-06 19:17:12.289,JF1VA1J67M9808297,JF1VA1J67M9808297,0513226103,Subaru
2021-07-06 19:31:08.794,JF2SJARCXJH585750,JF2SJARCXJH585750,0660090085,Subaru
2021-07-06 19:37:28.175,WA-BZK2779,JF2GTAPC7MH343988,0501528641,Subaru
2021-07-06 19:38:49.449,JF2GTAPC7MH343988,JF2GTAPC7MH343988,0501528641,Subaru
2021-07-06 21:21:12.999,TX-NWV0276,4S4WMARDXM3412825,0651149077,Subaru
2021-07-06 21:21:49.851,TX-NWV0276,4S4WMARDXM3412825,0651149077,Subaru
2021-07-06 21:34:23.885,SALWR2FV9HA179166,SALWR2FV9HA179166,0196377867,Land Rover
2021-07-06 21:34:26.744,4S4BSANC4J3390396,4S4BSANC4J3390396,0585743260,Subaru
2021-07-06 21:36:01.647,4S3GKAD69J3625039,4S3GKAD69J3625039,0233539665,Subaru
2021-07-06 22:53:12.873,MA-1MJL27,SALVD2BG7HH171494,0488818022,Land Rover
2021-07-07 00:04:18.636,SALGR2SU7MA444470,SALGR2SU7MA444470,0260944299,Land Rover
2021-07-07 00:26:19.037,4S3GKAD69J3625039,4S3GKAD69J3625039,0233539665,Subaru
2021-07-07 00:57:17.486,JF2GTADC1JH299910,JF2GTADC1JH299910,0544160745,Subaru
2021-07-07 01:00:58.845,CA-8DGL900,JF2GTADC1JH299910,0544160745,Subaru
2021-07-07 01:21:02.970,JF2SJGEC4JH613860,JF2SJGEC4JH613860,0229474081,Subaru
2021-07-07 02:28:26.625,CA-7ZBB731,4S4BSENC6H3394421,0527630923,Subaru
2021-07-07 03:09:54.487,JF1SG65683H700994,JF1SG65683H700994,0657562078,Subaru
2021-07-07 07:47:51.906,OR-336HUS,4S4BRBCC4E3217858,0504751762,Subaru
2021-07-07 07:53:18.250,JF2GTAEC2KH341341,JF2GTAEC2KH341341,0642025925,Subaru
2021-07-07 07:53:30.509,JF2GTAEC2KH341341,JF2GTAEC2KH341341,0642025925,Subaru
2021-07-07 07:59:42.140,JF2GTAEC2KH341341,JF2GTAEC2KH341341,0642025925,Subaru
2021-07-07 10:55:18.132,WI-632JUK,JF2SKAUC4LH501722,0190854958,Subaru
2021-07-07 11:26:40.274,SC-JUR556,JF1VA1G64F8801517,0659001895,Subaru
2021-07-07 11:32:54.611,JF2SKASC5MH531817,JF2SKASC5MH531817,0148599492,Subaru
2021-07-07 12:33:42.524,OR-791MPZ,4S3GTAD69H3741123,0501450293,Subaru
2021-07-07 15:06:50.569,OR-9Z4987,4S4BSAHC0G3207659,0505517901,Subaru
2021-07-07 15:07:57.311,JF2GTAPC8MH368818,JF2GTAPC8MH368818,0540308514,Subaru
2021-07-07 15:08:49.522,JF2SKARC2MH551237,JF2SKARC2MH551237,0650161684,Subaru
2021-07-07 15:13:47.625,WA-WB06358,4S4BSAFC4K3304973,0502315515,Subaru
2021-07-07 15:21:29.736,NM-AFSC14,JF1GD675X5G516636,0677548444,Subaru
2021-07-07 15:39:18.196,4S4WMAPDXM3450624,4S4WMAPDXM3450624,0558197541,Subaru
2021-07-07 15:48:42.557,4S3BWGN60M3016250,4S3BWGN60M3016250,0192502455,Subaru
2021-07-07 15:49:26.048,JF2GTHMC4MH354668,JF2GTHMC4MH354668,0670388530,Subaru
2021-07-07 15:57:42.114,IL-BM40781,JF2SKAPC1KH559099,0199869317,Subaru
2021-07-07 16:31:15.026,SAJDA14C21LF25056,SAJDA14C21LF25056,0262908860,Jaguar
2021-07-07 17:01:44.952,JF1GJAN61GH015218,JF1GJAN61GH015218,0544256969,Subaru
2021-07-07 17:14:05.903,TX-MSZ7385,JF2GTABC7K8388644,0655716557,Subaru
2021-07-07 17:15:47.557,TX-MSZ7385,JF2GTABC7K8388644,0655716557,Subaru
2021-07-07 17:18:24.222,TX-MYS9064,JF2SKAUC6LH467914,0640998533,Subaru
2021-07-07 17:26:40.389,4S3GTAB68J3707781,4S3GTAB68J3707781,0348540380,Subaru
2021-07-07 17:41:45.030,4S4BSACC2J3343564,4S4BSACC2J3343564,0002592209,Subaru
2021-07-07 17:47:54.873,TX-MYS9064,JF2SKAUC6LH467914,0640998533,Subaru
2021-07-07 18:01:34.495,JF2GTAEC8L8258093,JF2GTAEC8L8258093,0488213348,Subaru
2021-07-07 18:13:13.489,AZ-9NA1C1A,JF2GTHMC0M8266765,0586419659,Subaru
2021-07-07 18:59:20.692,SADCK2FX0JA350249,SADCK2FX0JA350249,0484565682,Jaguar
2021-07-07 19:02:26.960,CA-8TDG570,JF1VA1A60J9804264,0217423026,Subaru
2021-07-07 19:03:52.930,TX-NRG5006,ZAM57XSA9H1196330,0657523831,Maserati
2021-07-07 20:24:07.304,OK-LGR699,4S4BRCFC5B3376398,0679195432,Subaru
2021-07-07 20:32:03.231,SALGS2RU1MA430669,SALGS2RU1MA430669,0278914300,Land Rover
2021-07-07 20:40:16.319,4S3BNAB64J3014372,4S3BNAB64J3014372,0677717416,Subaru
2021-07-07 20:40:46.327,MI-EJU0151,4S3BNAB64J3014372,0677717416,Subaru
2021-07-07 20:57:47.629,JF2GTADC4J8271809,JF2GTADC4J8271809,0552622522,Subaru
2021-07-07 21:15:24.778,SADHD2S11K1F74135,SADHD2S11K1F74135,0192637608,Jaguar
2021-07-07 22:14:03.372,NY-GTV3293,4S4WMARD8M3412659,0396175102,Subaru
2021-07-07 22:14:03.907,NY-GTV3293,4S4WMARD8M3412659,0396175102,Subaru
2021-07-07 22:17:14.175,4S4WMARD8M3412659,4S4WMARD8M3412659,0396175102,Subaru
2021-07-07 22:17:57.735,CA-8GUZ112,JF2GTABC8JH267054,0509362303,Subaru
2021-07-07 22:18:52.690,JF2GTABC8JH267054,JF2GTABC8JH267054,0509362303,Subaru
2021-07-07 22:43:55.400,WI-971WXJ,JF2GTADC1K8218776,0198443525,Subaru
2021-07-07 22:44:24.830,WI-971WXJ,JF2GTADC1K8218776,0198443525,Subaru
2021-07-07 22:56:19.874,NJ-SN474D,4S4BRDKC3D2310307,0108826839,Subaru
2021-07-07 23:19:17.956,JF2GTADC3JH293414,JF2GTADC3JH293414,0318357300,Subaru
2021-07-07 23:33:04.950,WV-34R966,4S3BNAC62J3005460,0019324022,Subaru
2021-07-07 23:54:40.404,AZ-CRT3009,JF2SKAGC7KH576246,0586367357,Subaru
2021-07-08 01:14:53.317,NY-KEE6185,SALGS2FVXHA355263,0255500264,Land Rover
2021-07-08 01:15:26.598,SALGS2FVXHA355263,SALGS2FVXHA355263,0255500264,Land Rover
2021-07-08 01:26:42.526,JF2GPACC7E9286262,JF2GPACC7E9286262,0471964321,Subaru
2021-07-08 01:28:44.834,JF2GPACC7E9286262,JF2GPACC7E9286262,0471964321,Subaru
2021-07-08 03:06:08.139,FL-JEBU99,4S4BTANC7L3218797,0026905636,Subaru
2021-07-08 03:19:40.006,JF2GTHNC3MH358113,JF2GTHNC3MH358113,0149139200,Subaru
2021-07-08 04:47:24.955,IL-CE12750,SALWS2SUXKA860817,0196235996,Land Rover
2021-07-08 04:47:59.030,IL-CE12750,SALWS2SUXKA860817,0196235996,Land Rover
2021-07-08 04:48:37.028,SALSK2D4XBA279488,SALSK2D4XBA279488,0673232314,Land Rover
2021-07-08 05:24:01.274,LA-164BFW,JF2SJAVC7GH477424,0253871079,Subaru
2021-07-08 05:25:22.013,LA-164BFW,JF2SJAVC7GH477424,0253871079,Subaru
2021-07-08 06:08:28.216,CA-8DFX425,4S3GTAD69J3733898,0538602726,Subaru
2021-07-08 10:12:03.092,TX-NHP6381,JF2SJAEC1HH535061,0047521439,Subaru
2021-07-08 11:43:48.700,MA-1DGN85,4S3BNAF63G3055224,0676892879,Subaru
2021-07-08 12:00:32.666,SALYL2RNXJA735075,SALYL2RNXJA735075,0039766383,Land Rover
2021-07-08 12:01:13.961,SALYL2RNXJA735075,SALYL2RNXJA735075,0039766383,Land Rover
2021-07-08 13:10:50.810,IL-9160502,4S4BRCCC7C3281122,0191490871,Subaru
2021-07-08 13:25:15.257,4S3GTAD67H3730377,4S3GTAD67H3730377,0225959237,Subaru
2021-07-08 14:28:59.695,OH-GRY4420,JF2GTAEC5L8253482,0018436719,Subaru
2021-07-08 14:31:13.472,IL-K228023,JF2SKASC2LH455956,0190833340,Subaru
2021-07-08 14:39:47.942,FL-IR33RT,SALAK25429A498174,0218157629,Land Rover
2021-07-08 15:21:07.484,CT-AJ29254,4S3BMBH62E3012366,0392079576,Subaru
2021-07-08 15:28:25.100,NH-4842587,JF1VA2S62F9813074,0638524334,Subaru
2021-07-08 15:39:24.229,VT-HWT914,4S4BP60C386309709,0679692655,Subaru
2021-07-08 15:41:47.736,CO-780WEC,4S4BRBHCXD3215362,0553846965,Subaru
2021-07-08 16:52:40.062,CA-8SEM010,4S4WMABD6L3470231,0470549765,Subaru
2021-07-08 17:14:33.495,4S4BTAFC4N3105844,4S4BTAFC4N3105844,0469579679,Subaru
2021-07-08 17:15:37.289,4S4BTAFC4N3105844,4S4BTAFC4N3105844,0469579679,Subaru
2021-07-08 17:45:41.378,CA-SHINJEE,4S3GTAM61H3753007,0415782045,Subaru
2021-07-08 18:00:07.315,JF2GTAEC6KH243817,JF2GTAEC6KH243817,0234934308,Subaru
2021-07-08 18:01:59.105,JF2GTAEC6KH243817,JF2GTAEC6KH243817,0234934308,Subaru
2021-07-08 18:14:02.056,NY-KKA4188,4S3GTAB61M3709814,0347200915,Subaru
2021-07-08 19:17:58.659,CA-8TUF861,JF2GPACC7DH840517,0268132762,Subaru
2021-07-08 19:19:50.636,4S4BTANC4M3229743,4S4BTANC4M3229743,0397512685,Subaru
2021-07-08 19:35:24.457,SADCJ2FX8JA259149,SADCJ2FX8JA259149,0234579860,Jaguar
2021-07-08 19:39:20.839,SADCJ2FX8JA259149,SADCJ2FX8JA259149,0234579860,Jaguar
2021-07-08 19:45:42.778,NJ-A29JEY,4S4BSANC9H3409129,0472933229,Subaru
2021-07-08 19:51:22.153,JF2SKARC9MH456951,JF2SKARC9MH456951,0673471726,Subaru
2021-07-08 20:26:39.092,SALWR2RE3JA812004,SALWR2RE3JA812004,0469739464,Land Rover
2021-07-08 20:44:44.726,OR-593HHW,4S4BSAHC5F3292044,0569598220,Subaru
2021-07-08 20:46:23.465,4S4BSAHC5F3292044,4S4BSAHC5F3292044,0569598220,Subaru
2021-07-08 21:17:02.984,4S3BNEL69F3012081,4S3BNEL69F3012081,0505486845,Subaru
2021-07-08 22:33:00.346,SALSF2D4XDA792912,SALSF2D4XDA792912,0420012311,Land Rover
2021-07-08 23:40:45.549,IL-BL93754,JF2SJAEC8JH446674,0557611966,Subaru
2021-07-09 01:45:26.647,TX-MJZ6661,4S4BSAHC3K3297219,0411591656,Subaru
2021-07-09 01:54:57.730,4S4BSAHC3K3297219,4S4BSAHC3K3297219,0411591656,Subaru
2021-07-09 02:09:03.678,WA-BVV7755,JF2GPAVC8DH845822,0505525461,Subaru
2021-07-09 02:59:06.867,IL-ZV30899,SALFT24N79H138791,0218466960,Land Rover
2021-07-09 03:15:34.631,MI-6KUP88,SALYK2EX7LA289190,0023706224,Land Rover
2021-07-09 03:19:30.280,SALWG2RV3JA402728,SALWG2RV3JA402728,0240275175,Land Rover
2021-07-09 03:29:04.672,NJ-F13MHW,JF1VA1D6XF9804081,0414127764,Subaru
2021-07-09 03:29:45.285,NJ-F13MHW,JF1VA1D6XF9804081,0414127764,Subaru
2021-07-09 03:30:06.880,NJ-F13MHW,JF1VA1D6XF9804081,0414127764,Subaru
2021-07-09 03:32:17.285,4S4BRBKC5B3404748,4S4BRBKC5B3404748,0663516667,Subaru
2021-07-09 04:47:26.436,JF1VA2Y69G9807362,JF1VA2Y69G9807362,0505472997,Subaru
2021-07-09 07:07:31.275,CA-8WLR806,JF1VA1A64M9804353,0659924078,Subaru
2021-07-09 07:09:00.561,JF1VA1A64M9804353,JF1VA1A64M9804353,0659924078,Subaru
2021-07-09 07:27:58.208,MA-2CPT94,4S3GKAA66H3620797,0652062760,Subaru
2021-07-09 08:17:02.598,NY-HMC9378,JF1GJAS68FH003957,0395138438,Subaru
2021-07-09 09:20:08.192,WI-646YCD,JF2SJGDC8EH488515,0208184067,Subaru
2021-07-09 09:20:34.593,WI-646YCD,JF2SJGDC8EH488515,0208184067,Subaru
2021-07-09 11:13:53.044,IN-AIO338,4S4BTAEC7L3254103,0013846358,Subaru
2021-07-09 12:12:05.187,CA-8SUD740,SAJAL4BV0HA948434,0531412559,Jaguar
2021-07-09 12:12:24.596,CA-8SUD740,SAJAL4BV0HA948434,0531412559,Jaguar
2021-07-09 12:26:20.099,JF2GTAEC0K8314932,JF2GTAEC0K8314932,0676693082,Subaru
2021-07-09 12:27:34.255,JF2GTAEC0K8314932,JF2GTAEC0K8314932,0676693082,Subaru
2021-07-09 14:24:39.124,SALWR2SU1MA792678,SALWR2SU1MA792678,0677410786,Land Rover
2021-07-09 15:11:05.369,TX-DF1J053,4S4BRCKC6B3439370,0653512246,Subaru
2021-07-09 15:19:43.137,4S4WMAHD3M3451614,4S4WMAHD3M3451614,0578975977,Subaru
2021-07-09 15:27:16.955,PA-KCX2348,JF1GPAA62E9280936,0179466613,Subaru
2021-07-09 16:30:50.350,CA-8BZK972,4S4BSENC6J3315528,0268477618,Subaru
2021-07-09 16:31:15.168,CA-8BZK972,4S4BSENC6J3315528,0268477618,Subaru
2021-07-09 16:49:22.141,IN-210DEM,SALVP1BG7FH075721,0241165348,Land Rover
2021-07-09 17:10:55.691,JF2SKARC8MH539643,JF2SKARC8MH539643,0252978433,Subaru
2021-07-09 17:50:19.796,JF2SH6CC6AG724828,JF2SH6CC6AG724828,0589876194,Subaru
2021-07-09 17:50:31.232,JF2SH6CC6AG724828,JF2SH6CC6AG724828,0589876194,Subaru
2021-07-09 17:52:35.516,JF2SH6CC6AG724828,JF2SH6CC6AG724828,0589876194,Subaru
2021-07-09 17:52:49.842,JF2SH6CC6AG724828,JF2SH6CC6AG724828,0589876194,Subaru
2021-07-09 17:59:01.485,JF2SJABC8JH440037,JF2SJABC8JH440037,0331583568,Subaru
2021-07-09 19:09:24.079,ME-SUBIEDO,JF2GTAEC5KH315719,0140270264,Subaru
2021-07-09 19:26:04.286,NY-KFH5495,JF1GPAB64G8306542,0327203275,Subaru
2021-07-09 19:36:14.831,JF2SKAUC9MH538122,JF2SKAUC9MH538122,0086118544,Subaru
2021-07-09 19:49:56.372,NY-KGH6421,4S4WMAFD4M3432671,0104104822,Subaru
2021-07-09 19:50:21.935,JF1VA1J67M9808297,JF1VA1J67M9808297,0513226103,Subaru
2021-07-09 20:18:57.092,UT-4D3UH,JF1VA1A69K9815877,0644846313,Subaru
2021-07-09 20:20:45.570,CA-8VRW756,JF1VA1J6XF9828059,0267294279,Subaru
2021-07-09 20:26:16.913,OH-JHZ6795,JF2SKARC8MH509123,0020694711,Subaru
2021-07-09 21:55:42.380,TX-NMM9700,SADCK2BV5HA490747,0679776413,Jaguar
2021-07-09 22:34:59.080,CO-BJJB20,4S4BRDLCXC2255254,0012165016,Subaru
2021-07-09 22:57:52.758,SALGS2SV8KA541140,SALGS2SV8KA541140,0047457543,Land Rover
2021-07-10 00:13:06.974,TX-KTT0223,JF2SJAHC3FH493548,0043893900,Subaru
2021-07-10 00:13:56.409,TX-KTT0223,JF2SJAHC3FH493548,0043893900,Subaru
2021-07-10 00:22:31.737,NC-TFD7841,4S3GKAA69H3604979,0412311431,Subaru
2021-07-10 00:44:46.530,CA-8VNZ448,SALCT2BG4HH695731,0017616563,Land Rover
2021-07-10 00:45:23.171,CA-8VNZ448,SALCT2BG4HH695731,0017616563,Land Rover
2021-07-10 00:50:02.113,WA-BVV9092,4S4BRBCC2B3388457,0490050757,Subaru
2021-07-10 00:50:44.484,WA-BVV9092,4S4BRBCC2B3388457,0490050757,Subaru
2021-07-10 00:51:06.822,WA-BVV9092,4S4BRBCC2B3388457,0490050757,Subaru
2021-07-10 00:53:50.069,JF2GTACCXK8341798,JF2GTACCXK8341798,0398750948,Subaru
2021-07-10 00:56:33.632,CO-QLE631,JF1GJAA68FH006181,0553898428,Subaru
2021-07-10 00:58:26.683,CA-8LGF421,JF1SG656X4H766402,0416192678,Subaru
2021-07-10 00:59:47.349,WA-BVV9092,4S4BRBCC2B3388457,0490050757,Subaru
2021-07-10 02:18:58.006,JF2GTHNC4M8319563,JF2GTHNC4M8319563,0677358209,Subaru
2021-07-10 03:25:29.833,CO-130AQS,JF1VA1J63F9813743,0247722713,Subaru
2021-07-10 03:26:01.680,CO-130AQS,JF1VA1J63F9813743,0247722713,Subaru
2021-07-10 03:26:30.593,CO-130AQS,JF1VA1J63F9813743,0247722713,Subaru
2021-07-10 04:51:12.680,ZAM56YRL6J1281177,ZAM56YRL6J1281177,0015701579,Maserati
2021-07-10 08:26:21.570,JF1GH6B67AH828194,JF1GH6B67AH828194,0216865575,Subaru
2021-07-10 08:39:36.358,CA-8BWU199,JF2GTACC0JH257827,0208405574,Subaru
2021-07-10 09:39:09.056,JF1GJAA60DH005068,JF1GJAA60DH005068,0678973047,Subaru
2021-07-10 12:49:01.536,4S3GTAD67H3730377,4S3GTAD67H3730377,0225959237,Subaru
2021-07-10 12:57:52.468,SADFP2FX3M1023234,SADFP2FX3M1023234,0679660002,Jaguar
2021-07-10 13:14:50.478,4S3BWAN60L3027048,4S3BWAN60L3027048,0568066488,Subaru
2021-07-10 14:47:28.243,WI-AHW3772,SALCR2FX1KH805313,0675192796,Land Rover
2021-07-10 16:21:36.210,AZ-ZXA78C,JF2GTANCXLH277955,0190778433,Subaru
2021-07-10 17:25:10.210,MA-6ZV973,4S3GTAM66H3726627,0139210461,Subaru
2021-07-10 17:25:54.314,MA-6ZV973,4S3GTAM66H3726627,0139210461,Subaru
2021-07-10 19:26:30.958,WA-BBT2980,JF2SHADC2BH711877,0477427420,Subaru
2021-07-10 19:40:21.214,WA-BXD9693,4S4BSACC8H3248257,0505414442,Subaru
2021-07-10 19:58:23.250,SAJWJ6DL5GMK29695,SAJWJ6DL5GMK29695,0380626279,Jaguar
2021-07-10 20:15:38.062,JF2GTABC4JH278133,JF2GTABC4JH278133,0387383989,Subaru
2021-07-10 20:35:49.551,WA-BWA7922,4S3BNAS60H3047864,0500787523,Subaru
2021-07-10 21:05:11.869,CA-GEEKLNG,JF1SF6359WH708135,0544023951,Subaru
2021-07-10 21:10:45.247,CA-8VNE462,JF1VA1C65L9832996,0526120916,Subaru
2021-07-10 23:00:15.908,MA-JKZAR,JF2SKAXC2MH513462,0387402350,Subaru
2021-07-10 23:00:49.180,MA-JKZAR,JF2SKAXC2MH513462,0387402350,Subaru
2021-07-10 23:16:33.117,CO-EWO143,JF2SJARC0JH474933,0552847285,Subaru
2021-07-11 01:53:20.974,4S4BTAMC1M3112994,4S4BTAMC1M3112994,0244304367,Subaru
2021-07-11 02:12:40.553,NJ-B55FLP,JF2SJADC4FH430643,0412961705,Subaru
2021-07-11 02:26:30.792,CA-7ZBP743,JF1VA2Z65H9836499,0532050717,Subaru
2021-07-11 02:45:41.450,NY-KKX6120,SALVD2BG2HH235568,0346698112,Land Rover
2021-07-11 02:48:57.864,NY-KKX6120,SALVD2BG2HH235568,0346698112,Land Rover
2021-07-11 02:52:06.281,SALVD2BG2HH235568,SALVD2BG2HH235568,0346698112,Land Rover
2021-07-11 03:11:57.059,CA-8KVP685,JF1VA1A64K9821392,0530665033,Subaru
2021-07-11 03:43:31.696,HI-ZJL253,4S3GTAL68L3717745,0199821360,Subaru
2021-07-11 03:57:13.545,4S4BTGND4N3109843,4S4BTGND4N3109843,0480181276,Subaru
2021-07-11 03:58:59.931,4S4BTGND4N3109843,4S4BTGND4N3109843,0480181276,Subaru
2021-07-11 05:15:33.994,NY-JAW3537,JF2SJAHCXEH447181,0679311988,Subaru
2021-07-11 05:16:32.587,JF2SJAHCXEH447181,JF2SJAHCXEH447181,0679311988,Subaru
2021-07-11 05:48:58.961,MN-CBM229,4S4BSANC4K3261429,0657766760,Subaru
2021-07-11 06:06:18.663,WA-BUU7869,4S4BP61C667311914,0641596801,Subaru
2021-07-11 06:06:40.541,WA-BUU7869,4S4BP61C667311914,0641596801,Subaru
2021-07-11 12:25:11.685,OH-186ZLB,4S4BTAAC8M3190211,0014360749,Subaru
2021-07-11 12:26:29.468,FL-ITZP76,JF2GTADC9JH241821,0516062708,Subaru
2021-07-11 12:27:02.231,4S4BTAAC8M3190211,4S4BTAAC8M3190211,0014360749,Subaru
2021-07-11 12:27:39.874,JF2GTADC9JH241821,JF2GTADC9JH241821,0516062708,Subaru
2021-07-11 12:32:43.279,OH-186ZLB,4S4BTAAC8M3190211,0014360749,Subaru
2021-07-11 12:40:19.549,FL-ITZP76,JF2GTADC9JH241821,0516062708,Subaru
2021-07-11 14:04:06.930,FL-JRCZ82,4S4BT63C965100128,0647482227,Subaru
2021-07-11 15:26:52.031,CT-AN28095,4S3GTAV65M3710766,0563880794,Subaru
2021-07-11 15:27:48.489,CT-AN28095,4S3GTAV65M3710766,0563880794,Subaru
2021-07-11 15:59:49.958,TX-PNN5839,JF1VA1N66M8802541,0216255913,Subaru
2021-07-11 16:55:51.040,FL-741UBR,JF2SJGUC3FH433679,0020371184,Subaru
2021-07-11 16:55:59.285,NY-KFF3282,4S4BSANC9H3338501,0392139808,Subaru
2021-07-11 17:39:34.277,NJ-A62MES,JF1VA1E65H8801757,0414344636,Subaru
2021-07-11 17:57:49.340,NJ-A62MES,JF1VA1E65H8801757,0414344636,Subaru
2021-07-11 18:06:02.356,IL-1044706,4S4BSETC2H3436036,0069217910,Subaru
2021-07-11 18:28:15.140,CA-7DVX330,SALFR2BG6DH380094,0677451460,Land Rover
2021-07-11 20:05:19.096,TX-JYP2795,JF2GTAMC7J8221308,0216651028,Subaru
2021-07-11 20:36:05.971,4S4WMAFD2M3458976,4S4WMAFD2M3458976,0033108067,Subaru
2021-07-11 20:47:24.201,SALCR2RX5JH739178,SALCR2RX5JH739178,0581508946,Land Rover
2021-07-11 20:47:41.649,SALCR2RX5JH739178,SALCR2RX5JH739178,0581508946,Land Rover
2021-07-11 22:23:40.169,TX-PNB8399,JF2SKAUC0KH458494,0252496673,Subaru
2021-07-11 22:40:41.962,4S3BNAF64K3020653,4S3BNAF64K3020653,0413996218,Subaru
2021-07-11 23:16:12.149,SALGS3EF0GA304711,SALGS3EF0GA304711,0203892697,Land Rover
2021-07-11 23:38:31.387,CA-8MYA920,SALCR2BG5HH666513,0647523657,Land Rover
2021-07-12 00:53:05.632,IL-BW55422,4S3GKAV68L3601641,0201858283,Subaru
2021-07-12 00:53:25.565,IL-BW55422,4S3GKAV68L3601641,0201858283,Subaru
2021-07-12 03:00:58.652,NY-HPN5316,SADCJ2BV3HA086865,0393438748,Jaguar
2021-07-12 03:29:00.968,NY-HLF3118,SALWR2SE0LA709121,0335141323,Land Rover
2021-07-12 04:06:14.625,4S4BTGLD4M3126370,4S4BTGLD4M3126370,0501385061,Subaru
2021-07-12 05:37:20.114,CA-8GNP161,4S4BRCEC0A3346399,0679883030,Subaru
2021-07-12 05:37:33.762,CA-8GNP161,4S4BRCEC0A3346399,0679883030,Subaru
2021-07-12 11:39:58.086,JF1GPAA66F9219073,JF1GPAA66F9219073,0050848446,Subaru
2021-07-12 12:40:37.117,PA-LPJ6944,SALWV2SV6JA192593,0017027130,Land Rover
2021-07-12 12:41:00.113,PA-LPJ6944,SALWV2SV6JA192593,0017027130,Land Rover
2021-07-12 12:43:43.527,PA-LPJ6944,SALWV2SV6JA192593,0017027130,Land Rover
2021-07-12 12:50:14.216,SALWV2SV6JA192593,SALWV2SV6JA192593,0017027130,Land Rover
2021-07-12 13:36:58.794,JF2GPABC3G8254709,JF2GPABC3G8254709,0218899146,Subaru
2021-07-12 13:37:32.600,OK-HAJ046,JF2GPABC3G8254709,0218899146,Subaru
2021-07-12 14:20:22.148,NY-CGH2026,4S3GTAB68J3715363,0011435643,Subaru
2021-07-12 14:21:50.283,TX-NMH9158,JF1VA2M65J9806481,0558247514,Subaru
2021-07-12 15:18:09.011,OH-186ZLB,4S4BTAAC8M3190211,0014360749,Subaru
2021-07-12 15:29:42.464,OR-CB30292,4S4BTACC8M3209773,0505528390,Subaru
2021-07-12 15:30:20.192,4S4BTACC8M3209773,4S4BTACC8M3209773,0505528390,Subaru
2021-07-12 15:30:20.459,JF2SKAFC0MH546784,JF2SKAFC0MH546784,0569281702,Subaru
2021-07-12 15:39:27.588,4S4BTACCXM3224968,4S4BTACCXM3224968,0348256378,Subaru
2021-07-12 15:56:13.595,PA-KCT7765,JF2GPAKC2G8220373,0552851251,Subaru
2021-07-12 17:08:42.805,CT-BC59073,JF2SKADC3MH538259,0671483268,Subaru
2021-07-12 17:31:51.920,NY-JBH8040,4S3BNAN69J3026383,0391574704,Subaru
2021-07-12 17:38:43.138,WA-BXE9168,4S4BSANC8H3309376,0505438716,Subaru
2021-07-12 17:39:35.854,WA-BXE9168,4S4BSANC8H3309376,0505438716,Subaru
2021-07-12 17:41:52.237,JF1VA1K69J9826178,JF1VA1K69J9826178,0679676187,Subaru
2021-07-12 18:22:59.444,NV-UOFMGRL,JF2GTABC1JH319012,0679784390,Subaru
2021-07-12 19:03:15.948,TN-Q8QXNZN,4S4BTANC9M3153968,0329749549,Subaru
2021-07-12 20:06:43.177,NY-HKR9874,JF1VA1A68J9834578,0231594712,Subaru
2021-07-12 20:08:55.232,JF1VA1A68J9834578,JF1VA1A68J9834578,0231594712,Subaru
2021-07-12 20:17:10.432,SALRR2RV0JA059786,SALRR2RV0JA059786,0411175749,Land Rover
2021-07-12 20:18:58.926,SALRR2RV0JA059786,SALRR2RV0JA059786,0411175749,Land Rover
2021-07-12 20:28:28.753,4S4WMAED7M3455542,4S4WMAED7M3455542,0333191773,Subaru
2021-07-12 20:45:36.862,SALSF2D44CA744398,SALSF2D44CA744398,0101750295,Land Rover
2021-07-12 20:50:16.694,CA-7NET948,JF2SJABC1GH409981,0487523339,Subaru
2021-07-12 21:42:12.434,4S4BTANC4M3224283,4S4BTANC4M3224283,0417343855,Subaru
2021-07-12 21:53:12.685,PA-KTV4547,JF2GTADCXJ8338736,0174436221,Subaru
2021-07-12 21:54:44.176,PA-KTV4547,JF2GTADCXJ8338736,0174436221,Subaru
2021-07-12 21:57:14.160,FL-951MPY,SALWR2SU9NA203197,0420428458,Land Rover
2021-07-12 22:17:04.980,CA-8DVJ729,4S4BSAFC0J3380639,0266514737,Subaru
2021-07-12 22:22:36.827,FL-LZBX79,SALWR2SUXLA729027,0655869136,Land Rover
2021-07-12 22:23:46.612,FL-LZBX79,SALWR2SUXLA729027,0655869136,Land Rover
2021-07-12 22:24:19.703,FL-LZBX79,SALWR2SUXLA729027,0655869136,Land Rover
2021-07-12 22:25:59.490,JF1VA2T68J9828475,JF1VA2T68J9828475,0492331706,Subaru
2021-07-12 22:29:20.598,JF1VA2T68J9828475,JF1VA2T68J9828475,0492331706,Subaru
2021-07-12 22:32:21.245,TX-MJC1494,SALWR2PF5GA659629,0581239670,Land Rover
2021-07-12 22:57:55.475,4S4BTAPC1M3217045,4S4BTAPC1M3217045,0528363493,Subaru
2021-07-13 00:52:15.143,4S3BMBC6XB3215850,4S3BMBC6XB3215850,0219704814,Subaru
2021-07-13 01:25:52.355,4S4WMAPD3M3450304,4S4WMAPD3M3450304,0257904367,Subaru
2021-07-13 01:37:45.805,MD-7DB4577,4S3BNAL69F3038009,0590164194,Subaru
2021-07-13 01:42:26.876,OH-GNJ8403,JF2SKAGC7KH444894,0013187469,Subaru
2021-07-13 01:43:33.679,4S4WMAPD3M3450304,4S4WMAPD3M3450304,0257904367,Subaru
2021-07-13 01:47:17.352,4S3BNAL69F3038009,4S3BNAL69F3038009,0590164194,Subaru
2021-07-13 02:29:10.607,4S4BTADC9M3215788,4S4BTADC9M3215788,0278713750,Subaru
2021-07-13 02:40:10.816,4S4BTAFC3M3222085,4S4BTAFC3M3222085,0643453454,Subaru
2021-07-13 02:44:27.068,4S4BTADC9M3215788,4S4BTADC9M3215788,0278713750,Subaru
2021-07-13 03:54:36.150,4S4WMARD5M3455470,4S4WMARD5M3455470,0581517919,Subaru
2021-07-13 07:11:52.551,JF1VA1A69M9810083,JF1VA1A69M9810083,0230377392,Subaru
2021-07-13 07:12:09.961,JF1VA1A69M9810083,JF1VA1A69M9810083,0230377392,Subaru
2021-07-13 07:12:32.851,JF1VA1A69M9810083,JF1VA1A69M9810083,0230377392,Subaru
2021-07-13 08:14:40.923,IL-8571433,SAJKX6248TC780180,0648178740,Jaguar
2021-07-13 09:56:42.388,4S4BSBFC4F3240896,4S4BSBFC4F3240896,0236688791,Subaru
2021-07-13 11:32:39.756,4S4BTGKD7L3208724,4S4BTGKD7L3208724,0024567638,Subaru
2021-07-13 13:54:00.481,CO-AZZG33,JF2SJAGC1HH553699,0247629182,Subaru
2021-07-13 13:54:07.593,JF2SKAFC6MH545039,JF2SKAFC6MH545039,0656497892,Subaru
2021-07-13 14:12:03.611,TX-LZH7800,JF2SH6CC1AH703671,0411687244,Subaru
2021-07-13 14:12:41.529,JF2SH6CC1AH703671,JF2SH6CC1AH703671,0411687244,Subaru
2021-07-13 14:18:27.948,IL-CW22492,4S4BTANC3M3224050,0478602613,Subaru
2021-07-13 14:42:06.078,4S3GTAD68J3753737,4S3GTAD68J3753737,0666804116,Subaru
2021-07-13 16:27:28.193,4S4BTANC3L3155858,4S4BTANC3L3155858,0471988504,Subaru
2021-07-13 16:54:00.240,SALEJERX2N2068613,SALEJERX2N2068613,0154336126,Land Rover
2021-07-13 16:56:31.630,IL-CU39704,JF1VA2S64M9805622,0197434502,Subaru
2021-07-13 17:01:55.954,JF1VA2S64M9805622,JF1VA2S64M9805622,0197434502,Subaru
2021-07-13 18:11:28.323,JF1VA2S64M9805622,JF1VA2S64M9805622,0197434502,Subaru
2021-07-13 18:20:22.545,IL-CU39704,JF1VA2S64M9805622,0197434502,Subaru
2021-07-13 19:18:56.796,4S4BTADC1N3109935,4S4BTADC1N3109935,0216780965,Subaru
2021-07-13 19:35:16.197,JF2GTHSC2MH352162,JF2GTHSC2MH352162,0654747983,Subaru
2021-07-13 19:51:44.172,CO-HXO399,SALCT2BG6GH586766,0248174494,Land Rover
2021-07-13 19:52:22.752,CO-HXO399,SALCT2BG6GH586766,0248174494,Land Rover
2021-07-13 21:02:38.301,FL-NNNH29,SAJAD4BG7HA956500,0238525094,Jaguar
2021-07-13 21:03:04.210,FL-NNNH29,SAJAD4BG7HA956500,0238525094,Jaguar
2021-07-13 21:24:32.144,SALWR2VFXGA551901,SALWR2VFXGA551901,0489636226,Land Rover
2021-07-13 21:45:23.536,4S4BRBDC7E3250142,4S4BRBDC7E3250142,0527867485,Subaru
2021-07-13 21:53:17.507,4S4BTACC3N3109582,4S4BTACC3N3109582,0228931862,Subaru
2021-07-13 21:55:49.259,4S4BTACC3N3109582,4S4BTACC3N3109582,0228931862,Subaru
2021-07-13 22:50:03.727,NY-HJG3345,JF1VA1H64L9826406,0673965512,Subaru
2021-07-13 23:16:13.951,JF2SJAGC4JH594561,JF2SJAGC4JH594561,0198875570,Subaru
2021-07-13 23:18:10.825,4S3GKAB64J3614386,4S3GKAB64J3614386,0027867538,Subaru
2021-07-13 23:24:35.193,JF1VA1E68G9831280,JF1VA1E68G9831280,0670503505,Subaru
2021-07-13 23:26:31.102,CA-8HKC970,JF1VA1E68G9831280,0670503505,Subaru
2021-07-13 23:27:01.673,4S4BTGLD8N3107483,4S4BTGLD8N3107483,0501953021,Subaru
2021-07-13 23:28:37.185,4S4BTGLD8N3107483,4S4BTGLD8N3107483,0501953021,Subaru
2021-07-13 23:39:08.672,WA-BCM0703,JF2SH6CC3AH751382,0500045344,Subaru
2021-07-13 23:41:28.656,SALWS2RU2LA876498,SALWS2RU2LA876498,0679744153,Land Rover
2021-07-13 23:43:36.811,SALWS2RU2LA876498,SALWS2RU2LA876498,0679744153,Land Rover
2021-07-13 23:55:54.906,MA-US16LC,JF2SJAJC8HH445766,0541069806,Subaru
2021-07-14 00:44:43.443,ME-1416IX,JF2SJABC0JH543419,0137494590,Subaru
2021-07-14 00:47:48.176,JF2SJABC0JH543419,JF2SJABC0JH543419,0137494590,Subaru
2021-07-14 01:13:18.024,4S4WMARD8M3459867,4S4WMARD8M3459867,0226315221,Subaru
2021-07-14 01:22:02.006,TX-PGT6850,JF1VA1C63J8821160,0670213308,Subaru
2021-07-14 01:49:11.211,WV-1TC791,4S3BNAF65K3019754,0572113817,Subaru
2021-07-14 01:50:08.949,WV-1TC791,4S3BNAF65K3019754,0572113817,Subaru
2021-07-14 01:57:52.353,JF1VA1E67G8816159,JF1VA1E67G8816159,0332730533,Subaru
2021-07-14 01:59:32.582,JF1VA1E67G8816159,JF1VA1E67G8816159,0332730533,Subaru
2021-07-14 02:43:38.643,WA-AYA2566,SALVP2BG7GH078402,0048802795,Land Rover
2021-07-14 03:23:53.955,SALWS2RU2LA876498,SALWS2RU2LA876498,0679744153,Land Rover
2021-07-14 03:33:04.194,IL-BV74138,4S3BWAN66L3014398,0202708549,Subaru
2021-07-14 03:48:18.636,4S3GKAV66L3600682,4S3GKAV66L3600682,0267082594,Subaru
2021-07-14 04:08:19.144,TX-DK8V866,4S3BMBG6XB3246672,0580401980,Subaru
2021-07-14 04:14:23.469,4S3GTAU61J3701463,4S3GTAU61J3701463,0048239147,Subaru
2021-07-14 04:24:21.026,4S3GKAV66L3600682,4S3GKAV66L3600682,0267082594,Subaru
2021-07-14 04:33:43.132,4S3BWAF6XM3020379,4S3BWAF6XM3020379,0432722657,Subaru
2021-07-14 05:43:38.077,TX-MHS6840,JF1GV7E66EG011885,0227280425,Subaru
2021-07-14 05:44:00.627,TX-MHS6840,JF1GV7E66EG011885,0227280425,Subaru
2021-07-14 07:29:26.416,CA-8NOS581,JF2SKARC6LH412159,0544445103,Subaru
2021-07-14 11:30:04.533,NY-JHA3680,JF2SJAJC1JH407589,0396043772,Subaru
2021-07-14 13:01:56.182,CA-8RSZ347,JF1GV8J61BL524329,0679359417,Subaru
2021-07-14 13:03:12.278,JF1GV8J61BL524329,JF1GV8J61BL524329,0679359417,Subaru
2021-07-14 14:08:49.181,JF2SKAJC5LH505606,JF2SKAJC5LH505606,0679215180,Subaru
2021-07-14 14:28:11.602,IL-9900169,JF2GPABC3G9253120,0200667657,Subaru
2021-07-14 14:38:07.018,IL-N287063,JF2SHGGC4BH744149,0192075573,Subaru
2021-07-14 14:51:01.781,NY-HKR9874,JF1VA1A68J9834578,0231594712,Subaru
2021-07-14 15:14:54.990,NY-FZ,SADCJ2FX8KA358586,0389140014,Jaguar
2021-07-14 16:13:04.106,MI-ERIE,SALYL2RV5JA730494,0564949024,Land Rover
2021-07-14 16:16:15.036,JF2GTADC7J8327547,JF2GTADC7J8327547,0579963473,Subaru
2021-07-14 16:19:51.579,JF2GTADC7J8327547,JF2GTADC7J8327547,0579963473,Subaru
2021-07-14 18:01:33.030,JF2GTHSCXMH353589,JF2GTHSCXMH353589,0666675110,Subaru
2021-07-14 18:50:30.373,SC-FGW970,JF1VA1L61J8811694,0440592693,Subaru
2021-07-14 18:52:00.467,JF1VA1L61J8811694,JF1VA1L61J8811694,0440592693,Subaru
2021-07-14 19:45:06.206,VA-UTK2278,SALCR2FX3KH784500,0319842612,Land Rover
2021-07-14 21:18:09.824,MI-EKV9445,4S4BP62C967327717,0522403657,Subaru
2021-07-14 21:18:10.350,CA-8AUR508,JF1VA1L63J8808649,0532676513,Subaru
2021-07-14 21:28:36.476,CA-8AUR508,JF1VA1L63J8808649,0538629149,Subaru
2021-07-14 22:11:42.292,CO-PQU329,JF2SJAHC1GH550248,0531100603,Subaru
2021-07-14 23:51:39.320,PA-LCR4558,JF1VA1A66J9809291,0664607671,Subaru
2021-07-14 23:56:01.965,CA-7HTL296,SALVP2BG1DH765368,0268986972,Land Rover
2021-07-15 01:12:07.130,TX-KMD8601,JF1VA2M63G9807878,0655454360,Subaru
2021-07-15 02:23:55.621,4S4BTGND7L3266912,4S4BTGND7L3266912,0553171860,Subaru
2021-07-15 04:09:03.421,4S4BSANCXJ3279061,4S4BSANCXJ3279061,0281167382,Subaru
2021-07-15 04:59:57.036,JF2GTHNC5M8356699,JF2GTHNC5M8356699,0265337055,Subaru
2021-07-15 05:56:37.234,4S3GTAV60M3714563,4S3GTAV60M3714563,0553814352,Subaru
2021-07-15 07:14:00.372,IN-ETZ700,JF1VA1A6XJ9802392,0050798034,Subaru
2021-07-15 07:30:11.579,SAJAR4FX6KCP52813,SAJAR4FX6KCP52813,0486609671,Jaguar
2021-07-15 08:52:53.069,SALSH2E4XCA723676,SALSH2E4XCA723676,0016695580,Land Rover
2021-07-15 08:54:21.438,SALSH2E4XCA723676,SALSH2E4XCA723676,0016695580,Land Rover
2021-07-15 09:00:19.219,TX-MMT0644,4S4WX90D394401962,0582685766,Subaru
2021-07-15 09:08:16.618,CA-8AEG210,JF1VA1E67H9837945,0538553171,Subaru
2021-07-15 09:08:46.445,JF1VA1E67H9837945,JF1VA1E67H9837945,0538553171,Subaru
2021-07-15 12:22:54.393,JF2SKAUC2KH561075,JF2SKAUC2KH561075,0411171680,Subaru
2021-07-15 12:54:36.738,CA-5TLC228,JF1GD79616G507126,0531768400,Subaru
2021-07-15 13:12:02.673,TX-KDL8035,4S4BSBLC0F3227597,0580664659,Subaru
2021-07-15 13:40:27.928,NY-FDC1413,JF2GTAEC0M8322001,0448160113,Subaru
2021-07-15 13:45:14.814,IL-CW27969,4S3GTAB68J3717937,0201019202,Subaru
2021-07-15 13:51:07.115,JF2GTAEC0M8322001,JF2GTAEC0M8322001,0448160113,Subaru
2021-07-15 14:22:56.429,CA-8EAD987,SALVP2RX7JH287393,0574665756,Land Rover
2021-07-15 14:23:39.037,WA-BOH4684,4S3GKAL64H3601811,0502535633,Subaru
2021-07-15 14:26:28.660,SALVP2RX7JH287393,SALVP2RX7JH287393,0574665756,Land Rover
2021-07-15 14:26:56.829,GA-CQG7300,JF2GTHNC0MH250824,0068778675,Subaru
2021-07-15 14:29:17.423,JF2GTHNC0MH250824,JF2GTHNC0MH250824,0068778675,Subaru
2021-07-15 14:29:51.840,NJ-N89KYV,JF2SJADC9FH805393,0197958577,Subaru
2021-07-15 14:30:18.829,NJ-N89KYV,JF2SJADC9FH805393,0197958577,Subaru
2021-07-15 15:50:26.519,CA-8GEL966,JF1GPAH69E8293694,0435981237,Subaru
2021-07-15 16:17:34.298,SALGV2SE5MA429129,SALGV2SE5MA429129,0573186996,Land Rover
2021-07-15 16:18:01.452,CA-8WOL280,SALGV2SE5MA429129,0573186996,Land Rover
2021-07-15 16:19:11.104,CA-8WOL280,SALGV2SE5MA429129,0573186996,Land Rover
2021-07-15 16:29:33.746,SALCR2BG5GH587972,SALCR2BG5GH587972,0236693670,Land Rover
2021-07-15 16:30:33.721,SALGV2SE5MA429129,SALGV2SE5MA429129,0573186996,Land Rover
2021-07-15 18:39:51.820,IA-EDT716,4S3BNBL66G3038511,0281685653,Subaru
2021-07-15 19:21:01.352,NY-RKGCCG,JF1GPAM68FH209923,0105934855,Subaru
2021-07-15 19:40:28.204,NC-HDC4979,4S3GTAD65M3703074,0668896605,Subaru
2021-07-15 19:43:27.673,4S4BSANC1H3340338,4S4BSANC1H3340338,0570514781,Subaru
2021-07-15 19:43:57.891,4S4BSANC1H3340338,4S4BSANC1H3340338,0570514781,Subaru
2021-07-15 21:13:47.711,JF2SKAFC7MH545132,JF2SKAFC7MH545132,0577739262,Subaru
2021-07-15 21:14:31.746,NC-HCE8112,JF2SH6CC6AG910689,0577739262,Subaru
2021-07-15 22:36:35.999,PA-HMC8484,JF1ZCAB17E9606320,0676386395,Subaru
2021-07-15 23:11:17.529,FL-GZPQ85,JF2SKAPC1KH498594,0239493590,Subaru
2021-07-15 23:19:54.339,FL-GZPQ85,JF2SKAPC1KH498594,0239493590,Subaru
2021-07-15 23:20:12.092,FL-GZPQ85,JF2SKAPC1KH498594,0239493590,Subaru
2021-07-15 23:43:22.460,SALCP2RX8JH768518,SALCP2RX8JH768518,0522003061,Land Rover
2021-07-15 23:44:25.119,SALCP2RX8JH768518,SALCP2RX8JH768518,0522003061,Land Rover
2021-07-15 23:50:07.632,MI-DVK3366,JF2SH6CC2AH729180,0666741139,Subaru
2021-07-16 01:01:42.118,SALYJ2EX0MA311289,SALYJ2EX0MA311289,0267411644,Land Rover
2021-07-16 01:20:44.245,IL-AB90817,4S4BSANC7J3213664,0138981843,Subaru
2021-07-16 01:48:12.599,CA-8EEG752,JF2GTAMC3JH318487,0528999684,Subaru
2021-07-16 01:58:53.081,TX-HZD5997,SALVP2BG6GH143577,0228356460,Land Rover
2021-07-16 02:16:04.291,OH-JBD3366,4S3BNBC66G3050190,0503633585,Subaru
2021-07-16 02:46:36.823,CO-036UAL,4S3BNBC6XF3018292,0246367376,Subaru
2021-07-16 02:59:58.088,JF2GTACC6JH259226,JF2GTACC6JH259226,0170956697,Subaru
2021-07-16 04:14:16.719,CA-8RFL715,JF1VA1A69L9811166,0679081663,Subaru
2021-07-16 04:20:22.346,4S4BTGND4N3109843,4S4BTGND4N3109843,0480181276,Subaru
2021-07-16 05:54:05.380,NY-GDV6558,4S4BRBAC7D3255778,0679896121,Subaru
2021-07-16 06:27:37.035,4S3BWAD68N3002015,4S3BWAD68N3002015,0199930455,Subaru
2021-07-16 07:24:53.191,TX-KYV0088,JF2SJARC5JH511099,0409893386,Subaru
2021-07-16 08:22:05.041,CO-AAIF00,4S4BSABC7K3229398,0643162856,Subaru
2021-07-16 10:01:55.306,OR-CB06547,JF1VA1B67G9809209,0494355207,Subaru
2021-07-16 10:15:49.779,AZ-CVH6553,JF1VA1B63H9836005,0255717264,Subaru
2021-07-16 11:23:15.977,GA-CDF7250,4S3BNBN69F3048753,0137755195,Subaru
2021-07-16 12:31:13.398,JF2GTAMC3K8397855,JF2GTAMC3K8397855,0580782023,Subaru
2021-07-16 12:32:37.390,SALWS2VF4GA557519,SALWS2VF4GA557519,0535922126,Land Rover
2021-07-16 14:00:32.454,AZ-CBJ5165,4S4BSAAC3H3390096,0587645081,Subaru
2021-07-16 14:01:29.319,AZ-CBJ5165,4S4BSAAC3H3390096,0587645081,Subaru
2021-07-16 14:45:33.199,CA-6ROU920,JF1GE6B69BH517795,0528351966,Subaru
2021-07-16 15:11:43.435,WA-ANR5549,4S4BRBLC6E3248139,0113031797,Subaru
2021-07-16 15:16:22.288,4S4BRBLC6E3248139,4S4BRBLC6E3248139,0113031797,Subaru
2021-07-16 15:17:34.274,WA-ANR5549,4S4BRBLC6E3248139,0113031797,Subaru
2021-07-16 15:49:38.154,FL-4761YM,JF1VA1A66K9822074,0230893189,Subaru
2021-07-16 15:49:53.793,JF1VA1A66K9822074,JF1VA1A66K9822074,0230893189,Subaru
2021-07-16 15:50:19.293,FL-4761YM,JF1VA1A66K9822074,0230893189,Subaru
2021-07-16 17:11:44.680,TX-NTL8887,JF2GTABC2M8216637,0410160864,Subaru
2021-07-16 17:32:25.951,FL-LVYS29,JF1VA1A60L9832942,0680157159,Subaru
2021-07-16 17:45:40.889,CA-8GKF049,JF1ZCAC15J9602873,0265530532,Subaru
2021-07-16 17:46:48.574,4S4BTACC6N3103243,4S4BTACC6N3103243,0199561328,Subaru
2021-07-16 18:20:39.248,SALAG25478A451805,SALAG25478A451805,0471158274,Land Rover
2021-07-16 19:22:14.010,NY-GVN1615,4S3GTAD61L3700672,0588020873,Subaru
2021-07-16 19:23:59.754,NY-GVN1615,4S3GTAD61L3700672,0588020873,Subaru
2021-07-16 20:43:51.024,AZ-CHJ2400,JF2SJABC6FH474677,0260482095,Subaru
2021-07-16 20:44:29.394,JF2SJABC6FH474677,JF2SJABC6FH474677,0260482095,Subaru
2021-07-16 21:04:30.328,4S4BTAFC0M3215238,4S4BTAFC0M3215238,0680155866,Subaru
2021-07-16 21:11:01.141,JF2SKAFC0MH546784,JF2SKAFC0MH546784,0569281702,Subaru
2021-07-16 22:19:28.134,JF2SKARC4MH551725,JF2SKARC4MH551725,0019266502,Subaru
2021-07-16 23:31:35.071,JF2SH6CC6AG724828,JF2SH6CC6AG724828,0589876194,Subaru
2021-07-16 23:31:58.276,JF2SH6CC6AG724828,JF2SH6CC6AG724828,0589876194,Subaru
2021-07-16 23:32:35.024,JF2SH6CC6AG724828,JF2SH6CC6AG724828,0589876194,Subaru
2021-07-16 23:49:27.529,4S3GTAB69H3748026,4S3GTAB69H3748026,0049235217,Subaru
2021-07-16 23:50:20.313,IN-305DLC,4S3GTAB69H3748026,0049235217,Subaru
2021-07-17 02:12:40.562,JF1VA1A60J9834669,JF1VA1A60J9834669,0546078547,Subaru
2021-07-17 02:13:09.689,CA-8FEJ547,JF1VA1A60J9834669,0546078547,Subaru
2021-07-17 02:14:01.846,CA-8FEJ547,JF1VA1A60J9834669,0546078547,Subaru
2021-07-17 02:43:31.193,4S4BRCGC3C3238133,4S4BRCGC3C3238133,0588821538,Subaru
2021-07-17 06:24:07.958,OR-051KSW,JF2GTADC9JH303668,0504668919,Subaru
2021-07-17 09:03:03.679,NC-HEJ8144,JF2SJAAC5JG509614,0008028965,Subaru
2021-07-17 10:30:24.564,NJ-W78KLF,JF2GTAEC0KH203653,0231560826,Subaru
2021-07-17 13:38:38.509,PA-LPW6602,JF1GR8H69BL815073,0482437634,Subaru
2021-07-17 14:06:34.479,JF2GPALC0HH243098,JF2GPALC0HH243098,0230014006,Subaru
2021-07-17 14:26:20.509,NY-KET5830,SALEP7EU0L2023060,0398607812,Land Rover
2021-07-17 14:38:18.173,MA-KB1BS,4S4BSENC7K3222566,0095069109,Subaru
2021-07-17 14:39:53.036,4S4BSENC7K3222566,4S4BSENC7K3222566,0095069109,Subaru
2021-07-17 14:55:23.547,JF2GPALC3GH287112,JF2GPALC3GH287112,0278819951,Subaru
2021-07-17 15:08:24.889,CO-ZOZ445,4S4BTGLD7M3144135,0552972552,Subaru
2021-07-17 16:26:12.218,OH-HEZ9849,SALEV6RU1M2049274,0014997256,Land Rover
2021-07-17 16:26:13.439,OH-HEZ9849,SALEV6RU1M2049274,0015039682,Land Rover
2021-07-17 16:29:27.749,SALEV6RU1M2049274,SALEV6RU1M2049274,0014997256,Land Rover
2021-07-17 16:29:50.634,OH-HEZ9849,SALEV6RU1M2049274,0015039682,Land Rover
2021-07-17 16:47:16.180,PA-KCD5992,JF1GJAC62DH025769,0281973704,Subaru
2021-07-17 18:19:30.439,JF2SKADC2LH526134,JF2SKADC2LH526134,0255048206,Subaru
2021-07-17 18:25:31.552,4S4WMAFD2M3458976,4S4WMAFD2M3458976,0033108067,Subaru
2021-07-17 18:59:09.910,4S4BTGLD1M3221100,4S4BTGLD1M3221100,0651428922,Subaru
2021-07-17 19:19:45.637,SALYB2EX2LA250930,SALYB2EX2LA250930,0049047004,Land Rover
2021-07-17 19:20:32.719,SALYB2EX2LA250930,SALYB2EX2LA250930,0049047004,Land Rover
2021-07-17 19:25:57.780,4S3GKAT64H3623100,4S3GKAT64H3623100,0670199753,Subaru
2021-07-17 19:26:26.421,TX-MKP0717,SALWG2PF0GA592802,0558693240,Land Rover
2021-07-17 21:06:20.003,NY-FLT2230,JF2SJADC8GH479040,0230293229,Subaru
2021-07-17 21:19:06.011,CA-7WQG269,JF2SJAGC6HH512324,0526580633,Subaru
2021-07-17 23:58:54.385,4S4BSAFC6J3352392,4S4BSAFC6J3352392,0201440665,Subaru
2021-07-18 00:12:47.238,CT-AP08529,JF2GPABC8HH245053,0195600905,Subaru
2021-07-18 00:17:17.708,4S3GTAD64K3712474,4S3GTAD64K3712474,0257320712,Subaru
2021-07-18 00:49:24.983,AZ-914DEN,4S3GTAD64K3712474,0257320712,Subaru
2021-07-18 01:43:27.910,FL-PEUL07,JF1ZCAC10G9604782,0536402413,Subaru
2021-07-18 02:20:32.050,SALWZ2SE6JA193280,SALWZ2SE6JA193280,0680197171,Land Rover
2021-07-18 04:15:33.159,NY-HHJ3271,JF2GPALCXG8280982,0415125561,Subaru
2021-07-18 05:43:17.318,CA-6YFL735,4S3BMBC63D3006307,0526108575,Subaru
2021-07-18 07:00:01.047,WA-BBN4543,JF2GPABC6G8301764,0500169073,Subaru
2021-07-18 09:36:45.555,TX-B14946Z,SALGS5RE6JA392992,0411529322,Land Rover
2021-07-18 09:38:12.315,SALGS5RE6JA392992,SALGS5RE6JA392992,0411529322,Land Rover
2021-07-18 10:15:09.256,NJ-Y81LGC,4S3BNEN60K3027026,0546518299,Subaru
2021-07-18 10:57:00.959,JF1VA1N6XM8807726,JF1VA1N6XM8807726,0680235991,Subaru
2021-07-18 10:57:32.841,JF1VA1N6XM8807726,JF1VA1N6XM8807726,0680235991,Subaru
2021-07-18 12:47:50.997,IL-Q497189,JF2GPABC4G8293843,0201639143,Subaru
2021-07-18 12:57:20.163,MA-2HJJ75,JF2GTDNC3LH237380,0665583804,Subaru
2021-07-18 13:58:33.050,IL-BP75232,4S4BRCGC6A3376214,0202066347,Subaru
2021-07-18 14:02:30.724,NJ-A60NXV,JF1SG67638H730165,0650708718,Subaru
2021-07-18 16:03:33.777,AZ-LFY87,4S3BH6656Y6663041,0260455657,Subaru
2021-07-18 16:13:03.259,SAJBG4FV8JCY69204,SAJBG4FV8JCY69204,0677902363,Jaguar
2021-07-18 16:47:59.540,JF2SKAJC7MH512042,JF2SKAJC7MH512042,0571753498,Subaru
2021-07-18 16:49:18.243,PA-LNW6176,JF1VA1A66M9808615,0122823575,Subaru
2021-07-18 19:33:56.171,NJ-Z86KVT,JF1GPAY66G8204585,0652700970,Subaru
2021-07-18 19:34:27.699,NJ-Z86KVT,JF1GPAY66G8204585,0652700970,Subaru
2021-07-18 20:07:17.889,JF1GJAA63CH011624,JF1GJAA63CH011624,0396550606,Subaru
2021-07-18 20:49:07.071,NJ-V19NKV,4S3BMBC65D3023903,0412750449,Subaru
2021-07-18 20:53:55.530,JF1VA1C67M9811083,JF1VA1C67M9811083,0412750449,Subaru
2021-07-18 21:03:06.942,FL-GXVP51,JF2SJABC7HH405371,0243373841,Subaru
2021-07-18 22:45:30.157,CA-8BJP076,JF1VA2W61J9814123,0266058231,Subaru
2021-07-18 23:56:07.462,4S4BTAFC4M3204971,4S4BTAFC4M3204971,0170694163,Subaru
2021-07-18 23:57:06.811,CA-7SYR508,4S4BSAJC3F3214081,0546420125,Subaru
2021-07-19 01:59:14.414,WA-BEB8751,JF2SH6CC8AG769737,0251258030,Subaru
2021-07-19 04:28:29.981,4S4BTACC1N3115641,4S4BTACC1N3115641,0416803435,Subaru
2021-07-19 05:57:37.369,WA-BQE9775,SAJBD4BV6HCY30345,0227688520,Jaguar
2021-07-19 05:58:03.602,WA-BQE9775,SAJBD4BV6HCY30345,0227688520,Jaguar
2021-07-19 13:14:41.929,CA-8VQC424,4S4BTACC9M3131794,0674860233,Subaru
2021-07-19 14:24:11.434,4S3BWAC65L3020888,4S3BWAC65L3020888,0505042066,Subaru
2021-07-19 14:29:26.904,CA-8ATX310,JF1VA1A61J9810879,0417793363,Subaru
2021-07-19 14:32:35.952,JF2SJAWC2JH478843,JF2SJAWC2JH478843,0029331366,Subaru
2021-07-19 15:52:29.401,CA-8ETJ446,SADFM2GX2J1Z14344,0007387652,Jaguar
2021-07-19 16:31:11.641,JF1VA1C6XM9810624,JF1VA1C6XM9810624,0410591493,Subaru
2021-07-19 16:52:53.218,SALE37RU3N2068597,SALE37RU3N2068597,0308840025,Land Rover
2021-07-19 17:47:34.167,SALVP2RX1JH321991,SALVP2RX1JH321991,0642312835,Land Rover
2021-07-19 20:17:37.372,JF2GTDEC9LH282260,JF2GTDEC9LH282260,0267129790,Subaru
2021-07-19 20:29:49.800,AZ-CNY2352,4S4BSACC2J3343564,0002592209,Subaru
2021-07-19 22:10:29.141,SALYK2EX6LA290802,SALYK2EX6LA290802,0244533961,Land Rover
2021-07-19 22:43:59.737,NV-FINEB,SALYL2EX2KA221732,0585691373,Land Rover
2021-07-19 22:47:07.771,JF1VA1A65J9807208,JF1VA1A65J9807208,0680319275,Subaru
2021-07-19 22:47:52.243,JF1VA1A65J9807208,JF1VA1A65J9807208,0680319275,Subaru
2021-07-19 23:11:06.584,OH-HYP3668,JF1VA1F69F9820799,0013997851,Subaru
2021-07-19 23:24:38.086,CA-7JMM003,JF2SJARC4FH514115,0225334352,Subaru
2021-07-19 23:25:06.452,CA-7JMM003,JF2SJARC4FH514115,0225334352,Subaru
2021-07-19 23:32:04.032,JF1VA1C6XM9810624,JF1VA1C6XM9810624,0410591493,Subaru
2021-07-19 23:50:17.815,4S4WMAMD3M3447357,4S4WMAMD3M3447357,0487371867,Subaru
2021-07-20 00:34:01.108,JF2SHADCXBH781904,JF2SHADCXBH781904,0527386263,Subaru
2021-07-20 00:46:28.102,JF1VA1B63K9820054,JF1VA1B63K9820054,0665037751,Subaru
2021-07-20 00:47:01.639,JF1VA1B63K9820054,JF1VA1B63K9820054,0665037751,Subaru
2021-07-20 00:52:05.037,JF1VA1B63K9820054,JF1VA1B63K9820054,0665037751,Subaru
2021-07-20 01:37:03.115,IL-AB28710,JF2SJAWC4FH487986,0197023167,Subaru
2021-07-20 01:57:48.214,4S4BTGND7M3199584,4S4BTGND7M3199584,0505424194,Subaru
2021-07-20 03:01:52.417,4S4BTANCXM3191130,4S4BTANCXM3191130,0227867829,Subaru
2021-07-20 03:03:47.868,WI-810UPW,4S4BTANCXM3191130,0227867829,Subaru
2021-07-20 03:29:02.677,NY-KLT7670,4S3BL616087211613,0230632338,Subaru
2021-07-20 03:29:28.132,NY-KLT7670,4S3BL616087211613,0230632338,Subaru
2021-07-20 03:59:00.165,FL-LCIQ58,JF1VA1B66G9800050,0668358583,Subaru
2021-07-20 04:37:08.661,FL-QJXZ03,JF2SKARC7MH480519,0671162535,Subaru
2021-07-20 04:37:26.136,FL-QJXZ03,JF2SKARC7MH480519,0671162535,Subaru
2021-07-20 05:37:43.995,JF1ZCAC15H8605739,JF1ZCAC15H8605739,0516362990,Subaru
2021-07-20 05:41:49.085,NJ-G54NPU,SCFSMGAW8LGN03300,0638822982,Aston Martin
2021-07-20 05:42:32.487,NJ-H95NPU,SALGS2EF2GA270748,0638822982,Land Rover
2021-07-20 05:45:46.614,JF1ZCAC15H8605739,JF1ZCAC15H8605739,0516362990,Subaru
2021-07-20 10:29:28.525,NY-HYF2668,JF2SJABC8GH425918,0398132466,Subaru
2021-07-20 12:03:22.557,IL-4786104,JF2SJAGC3GH470466,0314956285,Subaru
2021-07-20 13:06:06.120,4S4WMARD3M3454804,4S4WMARD3M3454804,0393838619,Subaru
2021-07-20 13:45:57.391,NJ-A67LHM,4S4BSANC0G3340183,0650159074,Subaru
2021-07-20 14:33:25.995,TX-NMM9590,JF2SJAEC1JH492833,0661572366,Subaru
2021-07-20 14:35:19.035,TX-FBD8245,4S4BRBBC7C3296120,0226126653,Subaru
2021-07-20 15:47:45.294,TX-LLD2294,4S4BSANCXJ3381413,0216603066,Subaru
2021-07-20 15:53:01.090,SALGS2SV0JA514349,SALGS2SV0JA514349,0569842357,Land Rover
2021-07-20 16:26:30.816,NV-CARRAO,4S4BTAAC1L3201533,0534616840,Subaru
2021-07-20 16:26:53.293,SALYK2EX6LA290802,SALYK2EX6LA290802,0244533961,Land Rover
2021-07-20 16:48:17.453,JF1VA1A68J9834578,JF1VA1A68J9834578,0231594712,Subaru
2021-07-20 17:07:32.849,4S4BTADCXN3116723,4S4BTADCXN3116723,0502953237,Subaru
2021-07-20 17:50:01.827,JF2SKAJC1MH536451,JF2SKAJC1MH536451,0589272285,Subaru
2021-07-20 18:54:56.246,CO-ZWO127,4S3GTAB63K3717393,0553121886,Subaru
2021-07-20 19:42:37.390,CT-AR73186,JF2GPABC6HH240188,0679363946,Subaru
2021-07-20 20:16:49.559,FL-CAGM35,SALRHBBV0HA029713,0322093839,Land Rover
2021-07-20 20:35:16.570,NY-HVT9894,4S3BNAA68F3013962,0654485736,Subaru
2021-07-20 20:57:36.291,IL-4786104,JF2SJAGC3GH470466,0314956285,Subaru
2021-07-20 21:29:42.603,MN-2GV468,4S4BRBGC7C3209390,0665353115,Subaru
2021-07-20 22:18:18.658,JF2SKACC1KH416109,JF2SKACC1KH416109,0028073731,Subaru
2021-07-20 22:26:56.079,IN-473DYY,JF2SJAHC4GH404250,0050030786,Subaru
2021-07-20 22:27:18.041,WI-402XYF,4S3BWAD6XN3003750,0015439174,Subaru
2021-07-20 22:27:42.527,WI-2W0X1,4S4WMAFD4M3456713,0015439174,Subaru
2021-07-20 22:32:13.157,CA-GC030DP,JF2GTAECXMH290853,0084724673,Subaru
2021-07-20 22:58:57.879,FL-REBAS,SALVP2BG6GH167376,0651746772,Land Rover
2021-07-20 23:12:43.288,HI-RVF875,JF1GPAB62CH242981,0662106557,Subaru
2021-07-20 23:39:02.219,4S4BTACC6N3103243,4S4BTACC6N3103243,0199561328,Subaru
2021-07-20 23:39:34.639,4S4BTACC6N3103243,4S4BTACC6N3103243,0199561328,Subaru
2021-07-21 00:09:41.488,PA-KSM5664,4S3GKAB68J3622006,0488976300,Subaru
2021-07-21 00:12:26.648,4S3GKAB68J3622006,4S3GKAB68J3622006,0488976300,Subaru
2021-07-21 00:35:22.136,WA-APR0685,4S4BRBMC7E3271590,0492094984,Subaru
2021-07-21 01:18:54.428,NC-JFB1145,SALYB2RN9JA733112,0676316102,Land Rover
2021-07-21 01:35:06.441,ME-1416IX,JF2SJABC0JH543419,0137494590,Subaru
2021-07-21 01:42:34.656,SAJBH4EV5JCY53749,SAJBH4EV5JCY53749,0399174290,Jaguar
2021-07-21 02:09:18.418,CO-SOK075,JF1VA2W61J9834825,0341904742,Subaru
2021-07-21 02:10:09.339,CO-SOK075,JF1VA2W61J9834825,0341904742,Subaru
2021-07-21 02:23:35.491,JF1GE6A62BH510589,JF1GE6A62BH510589,0272891088,Subaru
2021-07-21 02:33:15.293,SALWZ2EFXFA534028,SALWZ2EFXFA534028,0668970385,Land Rover
2021-07-21 02:33:43.983,SALWZ2EFXFA534028,SALWZ2EFXFA534028,0668970385,Land Rover
2021-07-21 11:36:24.853,NY-PBVII,SAJAE4BG5HA964673,0393133767,Jaguar
2021-07-21 11:41:49.201,NC-HDB6274,4S4BRCBC6B3421760,0567622979,Subaru
2021-07-21 11:49:54.288,WI-AMA9716,4S3BWAD68N3002015,0199930455,Subaru
2021-07-21 12:15:31.333,SALCL2FX1LH833647,SALCL2FX1LH833647,0679282983,Land Rover
2021-07-21 12:47:53.165,IL-BY84137,4S4BTACCXL3200684,0192196302,Subaru
2021-07-21 13:03:54.848,NY-KLB1209,JF2SKARC1MH440789,0393493817,Subaru
2021-07-21 13:23:41.378,TX-NMH9158,JF1VA2M65J9806481,0558247514,Subaru
2021-07-21 13:55:24.885,SAJWA71C24SG28472,SAJWA71C24SG28472,0664324686,Jaguar
2021-07-21 13:56:16.815,SAJWA71C24SG28472,SAJWA71C24SG28472,0664324686,Jaguar
2021-07-21 13:57:11.166,AZ-SYA93C,SAJWA71C24SG28472,0664324686,Jaguar
2021-07-21 14:00:42.213,AZ-SYA93C,SAJWA71C24SG28472,0664324686,Jaguar
2021-07-21 14:41:41.141,CA-8WWB300,4S4BTANC4M3224283,0417343855,Subaru
2021-07-21 15:01:18.205,JF1VA1J65M9806080,JF1VA1J65M9806080,0392740626,Subaru
2021-07-21 16:21:03.658,AZ-CLJ5447,SALGS2FE4HA338698,0663716183,Land Rover
2021-07-21 16:21:53.851,4S3GTAV66M3715572,4S3GTAV66M3715572,0509367472,Subaru
2021-07-21 17:20:27.454,4S4BTAAC4M3126022,4S4BTAAC4M3126022,0586142110,Subaru
2021-07-21 17:22:51.788,4S4BTAAC4M3126022,4S4BTAAC4M3126022,0586142110,Subaru
2021-07-21 17:23:09.711,4S4BTAAC4M3126022,4S4BTAAC4M3126022,0586142110,Subaru
2021-07-21 17:46:12.248,JF2SKAUC7MH462206,JF2SKAUC7MH462206,0385365587,Subaru
2021-07-21 18:05:22.604,JF2GTAEC8M8342626,JF2GTAEC8M8342626,0656945097,Subaru
2021-07-21 19:27:01.767,MN-GFE690,4S4BRCCC5B3394260,0666366068,Subaru
2021-07-21 19:39:39.203,SALGS2EF2GA285086,SALGS2EF2GA285086,0278941761,Land Rover
2021-07-21 20:47:55.151,NJ-T78FSH,SAJEA51C12WC66592,0473833485,Jaguar
2021-07-21 21:12:29.607,4S4BSACC2J3343564,4S4BSACC2J3343564,0002592209,Subaru
2021-07-21 21:18:20.316,4S4BRBCC6B3353825,4S4BRBCC6B3353825,0154052024,Subaru
2021-07-21 23:09:03.415,MA-8VH813,JF1SF65672H733700,0680452564,Subaru
2021-07-22 00:14:17.045,CA-8MOT059,4S3BNAC68G3051089,0530947627,Subaru
2021-07-22 00:17:43.012,SALGS2WF5EA148896,SALGS2WF5EA148896,0243022131,Land Rover
2021-07-22 00:25:34.513,JF2SKAJC8MH550881,JF2SKAJC8MH550881,0679802810,Subaru
2021-07-22 00:29:48.584,CA-7XKH516,4S3BNAN64H3035230,0538591414,Subaru
2021-07-22 00:53:14.990,SALVC5RX3JH314196,SALVC5RX3JH314196,0242724846,Land Rover
2021-07-22 00:54:44.886,IL-521CP,SALAG25445A349440,0201037516,Land Rover
2021-07-22 01:25:43.347,CA-8NGM249,JF2GTAPC6L8209925,0654018181,Subaru
2021-07-22 01:38:02.866,SADHD2S15L1F83308,SADHD2S15L1F83308,0123310103,Jaguar
2021-07-22 01:51:00.601,CA-8JTL436,SALCR2FX1KH783863,0272278365,Land Rover
2021-07-22 02:12:03.931,JF2SKASC9MH544991,JF2SKASC9MH544991,0654613260,Subaru
2021-07-22 02:43:30.872,CO-BHBS86,4S3BH6869Y7662689,0553915299,Subaru
2021-07-22 02:48:09.630,CA-7VWN628,SCFBF03B98GC08292,0065100855,Aston Martin
2021-07-22 02:55:58.666,WI-591ZWP,JF2GTAEC3KH218079,0552176478,Subaru
2021-07-22 02:57:42.757,WI-591ZWP,JF2GTAEC3KH218079,0552176478,Subaru
2021-07-22 02:57:42.757,WI-591ZWP,ZAM56YPS2L1355594,Maserati
2021-07-22 02:57:42.757,WI-591ZWP,SALWR2SU7NA797157,Land Rover
2021-07-22 02:57:42.757,WI-591ZWP,SALRT4RU0M2453047,Land Rover